canonical_id,title,abstract,year,doi,pmid,lanes,sampling_stratum,full_text_status,full_text_location,prior_identification_source,prior_causal_evidence_level,prior_final_study_label,expert_verified_omics_layers,expert_identification_status,expert_primary_design_family,expert_causal_estimand,expert_assumptions,expert_validation_strength,expert_causal_evidence_level,expert_final_study_label,expert_evidence_section_ids,expert_notes
semantic_scholar:3e1c05b04f7ea03d2bd2ad4149e456f388c2578d,Integrative multi-omics analyses identify key genes and elucidate bidirectional regulatory mechanisms in thyroid dysfunction,"Objective Hyperthyroidism and hypothyroidism are globally prevalent endocrine disorders, with their pathogenesis involving multifactorial mechanisms including genetics, immunity, and metabolism. Although genome-wide association studies (GWAS) have identified risk genes such as PDE8B, critical gaps remain in the annotation of causal variants in non-coding regions, characterization of tissue-specific regulatory networks, and understanding of ethnic heterogeneity. This study aimed to systematically identify genes associated with hyperthyroidism and hypothyroidism and unravel their underlying molecular mechanisms through multi-omics integration. Methods We included data from the ThyroidOmics Consortium, comprising 1,840 hyperthyroidism cases (49,983 controls) and 3,340 hypothyroidism cases (49,983 controls). Core candidate genes were prioritized using a combination of SMR-HEIDI analysis, cross-tissue transcriptome-wide association study (TWAS), mBAT-combo rare variant analysis, and polygenic priority score (PoPS). GTEx colocalization (coloc) analysis was used to validate tissue-specific colocalization between these candidate genes and disease signals. Phenome-wide association study (PheWAS), KEGG pathway enrichment, and protein-protein interaction (PPI) network analyses were performed to explore gene functions, with potential targeted drugs predicted using the Drug Signatures Database (DSigDB). Results Cross-validation by four methods identified FAM227B, PDE8B, and PDE10A as key genes for hyperthyroidism, and PDE8B as the critical gene for hypothyroidism. GTEx coloc analysis (with PP4 > 0.8 as the threshold) confirmed significant colocalization: FAM227B with hyperthyroidism signals in the adrenal gland, lung, and minor salivary gland; PDE8B with both hyperthyroidism and hypothyroidism signals in thyroid tissue; and PDE10A with hyperthyroidism signals in thyroid tissue. As a core member of the phosphodiesterase family, PDE8B exhibited bidirectional regulatory characteristics in thyroid hormone synthesis via the cAMP signaling pathway and nucleotide metabolism network: its inhibition promoted hormone synthesis in hypothyroidism, while its interaction with PDE10A suppressed overactive cAMP signaling in hyperthyroidism. PheWAS linked FAM227B to cardiovascular diseases and PDE10A to neurological pathways. KEGG enrichment analysis highlighted the “morphine addiction” pathway (p = 6.12 × 10 ⁻ ⁵), suggesting potential neuroendocrine crosstalk. Notably, potential drugs targeting FAM227B, PDE8B, and PDE10A were identified. Conclusion Through multi-omics integration, this study identifies PDE8B as a central gene associated with thyroid dysfunction, characterized by tissue-specific colocalization, and elucidates its critical roles in signaling pathways, comorbidity associations, and drug targeting. These findings provide insights into the bidirectional regulatory mechanisms of hyperthyroidism and hypothyroidism and a theoretical basis for developing phosphodiesterase family-based precision therapies. It should be noted that all samples in this study are of European ancestry, and the generalizability of the results in other ethnic groups remains to be verified.",2026,10.1371/journal.pone.0338805,41570039,semantic_scholar_strict_smr_heidi,prior_level_0,retrieved,causal_multiomics_seed_corpus/semantic_scholar_design_audit_2026-07-15/full_text_access/location_resolver_2026-07-15/pmc_xml_route_audit_2026-07-16/retrieved_xml/PMC12826467.xml,genetic_instrument,0,context_only,,,,,,,,,,
semantic_scholar:a727b632026c2918963561a578f40c23320a5bbe,SMR Analysis Integrating GWAS and eQTL Data Reveals UHRF1BP1 and SNRPC as Potential Drug Targets for Low Back Pain,"Purpose: Low back pain (LBP) is a leading cause of disability worldwide with limited effective pharmacotherapies. We aimed to identify novel therapeutic candidate targets for LBP through integrative genomics. Methods: We employed summary-data-based Mendelian randomization (SMR) with GWAS data from FinnGen (13,178 cases/164,682 controls) and tissue-specific expression quantitative trait loci (eQTLs) from peripheral blood (Westra cohort: n = 5,311; 15,636 genes) and brain tissue (UKBEC: n = 134; 16,309 genes). Heterogeneity in dependent instruments (HEIDI) analysis validated causal associations. Candidate targets were further assessed by pathway enrichment, drug prediction, and phenome-wide association studies (PheWAS). Results: Peripheral blood eQTLs identified four genes associated with LBP ( P SMR < 3.2×10 − , HEIDI P > 0.05): BTN2A3P, GFPT1, UHRF1BP1, SNRPC ; brain eQTLs identified four genes associated with LBP ( P SMR < 3.07×10 − , HEIDI P > 0.05): CHST3, DCC, UHRF1BP1, SNRPC . Cross-tissue integration prioritized UHRF1BP1 and SNRPC as consensus candidates. Drug prediction suggested levamisole and taxifolin as potential UHRF1BP1 -modulating compounds. PheWAS indicated low pleiotropic risk, with associations mainly with hypertension and celiac disease. Conclusion: This multi-omics framework prioritizes UHRF1BP1 (involved in epigenetic regulation) and SNRPC (RNA splicing modulator) as mechanistically novel, genetically supported candidate targets for LBP, providing a foundation for future experimental validation and therapeutic development.",2026,10.2147/jpr.s593304,,semantic_scholar_qtl_mr; strict_smr_heidi,prior_level_0,retrieved,causal_multiomics_seed_corpus/semantic_scholar_design_audit_2026-07-15/full_text_access/semantic_scholar_oa_url_audit/retrieved_files/10.2147_jpr.s593304.pdf,genetic_instrument,0,context_only,,,,,,,,,,
europepmc:MED:41526633,Uncovering pleiotropic loci linking keratoconus and allergic diseases through integrative genomic analyses.,"Keratoconus (KC) is a progressive corneal disease increasingly linked to immune dysregulation. Epidemiological studies have suggested comorbidity between KC and allergic diseases such as atopic dermatitis (AD), allergic conjunctivitis (AC), allergic rhinitis (AR), and allergic asthma (AA), yet their shared genetic mechanisms remain unclear. To investigate the shared genetic architecture between KC and four common allergic conditions, we integrated genome-wide association study (GWAS) summary statistics using a multi-omics framework. We applied linkage disequilibrium score regression (LDSC) and high-definition likelihood (HDL) to assess genome-wide genetic correlations. Pleiotropic variants were identified using the PLACO method and functionally annotated with FUMA. Bayesian colocalization and local genetic correlation analyses were conducted to pinpoint shared causal loci. Gene-level associations and pathway enrichment were explored using MAGMA and SMR, and potential regulatory effects were assessed through eQTL mapping and functional databases. All four allergic diseases showed significant positive genetic correlations with KC. PLACO identified 451 pleiotropic SNPs, including 44 independent risk loci. Eight loci showed strong colocalization (PPH4 > 0.8), notably 8q21.13 and 10p14. Functional annotation revealed several variants with regulatory or deleterious potential, such as rs73220641 (KLF5) and rs17686636 (GATA3). MAGMA and SMR prioritized SMAD3, IL18R1, and PCNXL3 as pleiotropic genes, enriched in immune tissues and inflammatory pathways. This multi-omics study uncovers shared genetic loci and immune-related pathways between KC and allergic diseases. The results highlight epithelial barrier dysfunction and immune regulation as converging mechanisms and propose pleiotropic genes as potential therapeutic targets.",2026,10.1038/s41598-025-34146-5,41526633,europepmc_qtl_anchored_colocalization; europepmc_qtl_anchored_language,prior_level_1,retrieved,full_text_access/repository_xml/PMC12855181.xml,none,1,associational,,,,,,,,,,
europepmc:PPR:PPR1277525,Mapping Genetic Susceptibility to Urinary Tract Infection from Kidney Papilla to Bladder,"<h4>ABSTRACT</h4> Urinary tract infections (UTIs) are among the most common bacterial infections, yet the genetic factors influencing susceptibility remain poorly understood. We performed a genome-wide association study of recurrent UTI involving 1,860,836 individuals (213,869 cases and 1,646,967 controls). We identified 36 independent non-HLA genome-wide significant loci encoding kidney epithelial and immune response genes and demonstrated that some loci have sex-specific effects. Integrative functional annotation, expression and protein quantitative trait locus colocalization, and single-cell multi-omic analyses revealed that UTI risk alleles preferentially modulated gene expression in kidney, ureter, and bladder epithelia. Multi-omic prioritization converged on a number of pathogenic pathways: epithelial barrier and mucosal glycocalyx defense ( PSCA , UMOD , CLPTM1L , FUT2 ), innate immune regulation ( FES , PTPRC , NEK7, HOTAIR, NFATC1, BTN3A2 ), infection resolution and regulated cell death ( STK3 , CASP7 , TAX1BP1, ZFP36L2 ), epithelial identity maintenance ( GLIS2 , CLDN10 , ZFHX3, SPDEF, MPP7 ), urinary tract development ( FGFR2 , BMP7 , HGF , MET , HOXA9, TSHZ2, WNT7B/LINC00899 ), and nutritional immunity through iron sequestration ( SLC11A2, FAM210B, RPS10 ). Approximately one-third of loci colocalized with gene expression in kidney tubules, suggesting direct modulation of epithelial host-defense programs. Among all loci, PSCA , which encodes a GPI-anchored epithelial surface protein expressed in the kidney papilla and urinary tract epithelia, emerged as the strongest candidate causal gene. We demonstrated that PSCA was secreted into urine, bound uropathogenic E. coli , and inhibited bacterial growth in vitro , implicating it as a constitutive epithelial defense factor. We also demonstrated that while PSCA was protective against urinary infections and duodenal ulcers, it was associated with increased risk of bladder, prostate, and gastric cancers, suggesting antagonistic pleiotropy between mucosal defenses and oncogenesis. Together, our findings define the polygenic architecture of UTI susceptibility, highlighting epithelial surface defense, innate immune regulation, developmental patterning, and nutritional immunity as central components of host defense, providing a new framework for host-directed, non-antibiotic interventions.",2026,10.64898/2026.07.07.26357417,,europepmc_qtl_anchored_colocalization; europepmc_qtl_anchored_language,prior_level_1,retrieved,full_text_access/batch_05_landing_pdf_retrieval_files/10.64898_2026.07.07.26357417.pdf,none,1,associational,,,,,,,,,,
pubmed:29698924,Integrative metabolomics and transcriptomics signatures of clinical tolerance to Plasmodium vivax reveal activation of innate cell immunity and T cell signaling.,"Almost invariably, humans become ill during primary infections with malaria parasites which is a pathology associated with oxidative stress and perturbations in metabolism. Importantly, repetitive exposure to Plasmodium results in asymptomatic infections, which is a condition defined as clinical tolerance. Integration of transcriptomics and metabolomics data provides a powerful way to investigate complex disease processes involving oxidative stress, energy metabolism and immune cell activation. We used metabolomics and transcriptomics to investigate the different clinical outcomes in a P. vivax controlled human malaria infection trial. At baseline, the naïve and semi-immune subjects differed in the expression of interferon related genes, neutrophil and B cell signatures that progressed with distinct kinetics after infection. Metabolomics data indicated differences in amino acid pathways and lipid metabolism between the two groups. Top pathways during the course of infection included methionine and cysteine metabolism, fatty acid metabolism and urea cycle. There is also evidence for the activation of lipoxygenase, cyclooxygenase and non-specific lipid peroxidation products in the semi-immune group. The integration of transcriptomics and metabolomics revealed concerted molecular events triggered by the infection, notably involving platelet activation, innate immunity and T cell signaling. Additional experiment confirmed that the metabolites associated with platelet activation genes were indeed enriched in the platelet metabolome.",2018,10.1016/j.redox.2018.04.011,29698924,pubmed_rct_title_anchored_pairwise_omics_candidates,prior_level_2,retrieved,run_2026-07-16_randomized_multiomics_trial_batch_01/full_text_access/europepmc_pmc_xml/repository_xml/PMC6007173.xml,temporal_design; direct_perturbation,2,causal_hypothesis,,,,,,,,,,
europepmc:PPR:PPR1133621,Multi-omics Reveals Metabolic-Inflammatory Drivers of Lung Cancer: An Integrated Mendelian Randomization and Machine Learning Study,"<title>Abstract</title> <p> <bold>Background:</bold> Metabolic dysregulation and chronic inflammation are implicated in the tumorigenesis of lung cancer; however, the causal relationships and translational potential of these associations remain poorly understood. This study aims to delineate the ""metabolic-inflammatory-cancer"" axis in order to identify high-confidence therapeutic targets and to develop a clinical prognostic tool. <bold>Methods:</bold> We employed a comprehensive systems biology framework that integrates univariate and multivariate analyses, bidirectional Mendelian Randomization (MR), Bayesian colocalization, and multi-omics validation, encompassing transcriptomics, proteomics, and methylomics. Utilizing extensive datasets from GWAS, TCGA, and CPTAC cohorts, we systematically evaluated 30 metabolic and inflammatory exposures. Subsequently, a machine learning-based LASSO-Cox regression model was developed to translate epigenetic findings into a prognostic risk score. <bold>Results:</bold> MR analysis revealed smoking initiation (\((OR=1.64--1.86)\)) and Body Mass Index (BMI) as predominant causal risk factors. Exploratory mediation analysis suggested a nominally significant role for C-reactive protein (CRP), which mediates approximately 20.15% of the BMI-driven risk for Lung Squamous Cell Carcinoma (LUSC) (nominal \((P < 0.05)\)). Integration of multi-omics data underscored the ""thrombopoiesis/coagulation"" pathway as a central pathogenic mechanism, corroborated by the upregulation of platelet-related signatures. We identified 51 high-confidence causal genes, which included <italic>CDK11A</italic> , a novel cell-cycle regulator, and <italic>MFAP2</italic> . Notably, <italic>MFAP2</italic> exhibited a dissociation between transcript and protein expression, suggesting complex post-transcriptional regulation within the tumor microenvironment. Clinically, our machine-learning derived DNA methylation risk score achieved a C-index of 0.782 within the training cohort, significantly surpassing traditional TNM staging. Importantly, the prognostic signature was successfully validated for Recurrence-Free Survival (RFS) in an independent external cohort (GSE39279, \((n=122)\)), where the continuous risk score was confirmed as a significant prognostic factor by univariate Cox regression (\((\text{HR} = 0.9972, P = 0.0142)\)). Although the association with Overall Survival (OS) was not significant (Log-rank \((P = 0.92)\)), the model demonstrated robust clinical utility for recurrence risk. <bold>Conclusions:</bold> This study elucidates the causal architecture underlying metabolic-driven lung cancer, highlighting the inflammation-coagulation axis as a pivotal therapeutic target. The developed methylation-based risk score provides a robust, actionable tool for precision recurrence risk stratification, effectively bridging the gap between genomic discoveries and clinical implementation. </p>",2025,10.21203/rs.3.rs-8289015/v1,,europepmc_direct_two_sample_or_bidirectional_mr; europepmc_direct_design,prior_level_2,retrieved,full_text_access/batch_03_files/10.21203_rs.3.rs-8289015_v1.pdf,genetic_instrument;mediation,2,causal_hypothesis,,,,,,,,,,
europepmc:PPR:PPR516561,An integrated multi-omics analysis of sleep-disordered breathing traits across multiple blood cell types,"<h4>ABSTRACT</h4> <h4>Background</h4> Sleep Disordered Breathing (SDB) is characterized by repeated breathing reductions or cessations during sleep, often accompanied by oxyhemoglobin desaturation. How SDB affects the molecular environment is still poorly understood. <h4>Methods</h4> We studied the association of three SDB measures: the Apnea Hypopnea Index (AHI), average and minimum oxyhemoglobin saturation during sleep (AvgO2 and MinO2) with gene expression measured using RNA-seq in peripheral blood mononuclear cells (PBMCs), monocytes, and T-cells, in ∼500 individuals from the Multi-Ethnic Study of Atherosclerosis (MESA). We developed genetic instrumental variables (IVs) for the associated transcripts as polygenic risk scores (tPRS), then generalized and validated the tPRS in the Women’s Health Initiative (WHI). Next, we constructed the tPRS and studied their association with SDB measures (to identify potential reverse causal associations) and with serum metabolites (to identify downstream effects) in ∼12,000 and ∼4,000 participants, respectively, from the Hispanic Community Health Study/Study of Latinos (HCHS/SOL). Finally, we estimated the association of these SDB measures with transcript IV-associated metabolites in HCHS/SOL, to verify complete association pathways linking SDB, gene expression, and metabolites. <h4>Results</h4> Across the three leukocyte cell types, 96 gene transcripts were associated with at least one SDB exposure (False Discovery Rate (FDR) p-value <0.1). Across cell populations, estimated log-fold expression changes were similar between AHI and MinO2 (Spearman correlations>0.90), and less similar between AvgO2 and the other exposures. Eight and four associations had FDR p-value<0.05 when the analysis was not adjusted and adjusted to BMI, respectively. Associations include known genes that respond to ( PDGFC ) and regulate response to ( AJUBA ) hypoxia. We identified a complete “chain” linking AvgO2, P2RX4 , and butyrylcarnitine (C4), suggesting that increased expression of the purinergic receptor P2RX4 may improve average oxyhemoglobin saturation and decrease butyrylcarnitine (C4) levels. <h4>Conclusions</h4> Our results support a mechanistic role for purinergic signaling and hypoxic signaling, among others, in SDB. These findings show differential gene expression by blood cell type in relation to SDB traits and link P2XR4 expression to influencing AvgO2 and butyrylcarnitine (C4) levels. Overall, we employed novel methods for integrating multi-omic data to evaluate biological mechanisms underlying multiple SDB traits.",2022,10.1101/2022.07.09.22277444,,europepmc_direct_instrumental_variable; europepmc_direct_design,prior_level_2,retrieved,full_text_access/batch_02_files/10.1101_2022.07.09.22277444.pdf,graphical_or_directed_model,2,causal_hypothesis,,,,,,,,,,
europepmc:PPR:PPR880036,An integrated multi-omics analysis identifies novel regulators of circadian rhythm and sleep disruptions induced by changed photoperiod in Antarctica,"<title>Abstract</title> <p>Light is a dominant zeitgeber for biological clocks, and its regulatory mechanism for sleep-wake activity has been extensively studied. However, the molecular pathways through which the Antarctic unique photoperiod, i.e. polar days in summer and polar nights in winter, affects human sleep and circadian rhythm remain largely unidentified, despite previous studies have observed delayed circadian rhythm and sleep disruptions of expeditioners during polar nights. In this study, we conducted comprehensive dynamic research of the expeditioners during their residence in Antarctica for over one year. By integrating the phenotypic changes with multi-omics data, we tried to identify the novel candidate regulators and their correlation networks involved in circadian and sleep disorders under the extreme photoperiod. We found that during the austral winter, expeditioners exhibited delayed bedtime and get up time, reduced sleep efficiency, and increased sleep fragmentation. Meanwhile, serum dopamine metabolite levels significantly increased, while serotonin metabolites and antioxidants decreased. These changes were accompanied by altered expression of genes and proteins associated with neural functions, cellular activities, transcriptional regulation, and so on. Through the correlation and causal mediation analysis, we identified several potential pathways modulating human sleep-wake activity, involving genes and proteins related to neural function, glucose metabolism, and extracellular matrix homeostasis, as well as some lncRNAs. Based on the identified causal mediators, LASSO regression analysis further revealed a novel candidate gene, Shisa Family Member 8 (<italic>SHISA8</italic>), as a potential key regulatory hub in this process. These findings shed light on the probable molecular mechanisms of sleep disorders in Antarctica and suggested <italic>SHISA8</italic> as a novel candidate target for the medical intervention of sleep disorders under changed light-dark cycle.</p>",2024,10.21203/rs.3.rs-4597746/v1,,europepmc_direct_formal_mediation; europepmc_direct_design,prior_level_2,retrieved,full_text_access/batch_01_files/10.21203_rs.3.rs-4597746_v1.pdf,mediation;temporal_design,2,causal_hypothesis,,,,,,,,,,
europepmc:PPR:PPR790865,Gut Microbiome and Childhood Asthma: a Mendelian Randomization Study,"<title>Abstract</title> <p>A few gut microbiomes have been reported in observational studies to be associated with childhood asthma. Antibiotic resistome of gut microbiomes may also influence childhood asthma risk. However, the underlying causal effect remains undefined. We attempted to explore the causal association of these conditions through Mendelian randomization (MR) analysis. First, we review literatures to identify core gut microbiomes potentially associated with childhood asthma. The instrumental variables (IVs) for gut microbiome and gut microbiomes antibiotic resistome were obtained from MiBioGen consortium and a multiomics study respectively. And the genetic instruments for childhood asthma in East Asian populations and European were selected from genome-wide association studies (GWAS). We implemented Two-sample MR analysis to elucidate the effect of gut microbiome and gut microbiome antibiotic resistome on childhood asthma risk. The inverse variance weighted (IVW) was employed as the primary analysis, followed by heterogeneity and pleiotropy analysis. In the European population, within the core gut microbiomes, <italic>genus Dialister</italic> was significantly positively associated with childhood asthma risk by IVW (<italic>OR =</italic> 1.251, 95% <italic>CI </italic>:1.016–1.539, <italic>P = </italic>0.035). Moreover, there was a positive correlation between <italic>genus Eubacterium nodatum group</italic> (<italic>OR =</italic> 1.12, 95% <italic>CI</italic>:1.002–1.251, <italic>P =</italic> 0.047), <italic>genus Bilophila</italic> (<italic>OR =</italic> 1.29, 95% <italic>CI</italic>:1.046–1.581, <italic>P =</italic> 0.017) and childhood asthma risk. Conversely, <italic>genus Holdemanella</italic> (<italic>OR =</italic> 0.82, 95% <italic>CI</italic>:0.706–0.951, <italic>P =</italic> 0.009), <italic>genus Oxalobacter</italic> (<italic>OR =</italic> 0.84, 95% CI:0.747–0.955, <italic>P =</italic>0.007) and <italic>genus Slackia</italic> (<italic>OR =</italic> 0.81, 95% CI:0.655–0.996, <italic>P =</italic> 0.046) exhibited a significant negative correlation with childhood asthma risk. In the East Asian population, our analysis revealed correlations between decreased childhood asthma risk and the <italic>order Actinomycetales</italic> (<italic>OR =</italic> 0.390, 95% <italic>CI </italic>:0.173–0.882, <italic>P =</italic> 0.024), <italic>family Actinomycetaceae</italic> (<italic>OR =</italic> 0.391, 95% <italic>CI </italic>:0.173–0.883, <italic>P =</italic> 0.224), <italic>genus Actinomyces</italic> (<italic>OR =</italic> 0.528, 95% <italic>CI </italic>:0.289–0.965, <italic>P =</italic> 0.038), and <italic>genus Fusicatenibacter</italic> (<italic>OR =</italic> 0.465, 95% <italic>CI </italic>:0.230–0.938, <italic>P =</italic> 0.019). Conversely, <italic>genus Coprobacter</italic> showed a significant positive correlation with childhood asthma risk (<italic>OR =</italic> 1.826, 95% <italic>CI </italic>:1.106–3.016, <italic>P =</italic> 0.032). Finally, there was a negative correlation between Evenness, an index representing the α-diversity of the gut antibiotic resistome, and childhood asthma risk (<italic>OR =</italic> 0.825, 95% CI:0.684–0.994, <italic>P =</italic> 0.043). <bold>Conclusions</bold>: This study is the first to employ MR analysis to validate the association between gut microbiomes identified in literature and childhood asthma risk. We try to explore additional bacterial taxes that may be associated with childhood asthma risk. Furthermore, the present study innovatively explores the effect of the gut microbiome antibiotic resistome on the risk of pediatric asthma using MR analysis. These findings provide opportunities for early intervention on childhood asthma and offer new insights into the underlying mechanisms of childhood asthma. However, further studies are required to validate and generalize the results in future research.</p>",2024,10.21203/rs.3.rs-3856245/v1,,europepmc_direct_instrumental_variable; europepmc_direct_design,prior_level_2,retrieved,full_text_access/batch_04_files/10.21203_rs.3.rs-3856245_v1.pdf,genetic_instrument,2,causal_hypothesis,,,,,,,,,,
europepmc:PPR:PPR1100785,Multi-omics Integration of Microbiota Transplant Therapy in Children with Autism Spectrum Disorders,"<h4>Background</h4> Microbiota transplant therapy (MTT) is a promising avenue for the substantial improvement of gastrointestinal and behavioral symptoms in children with autism spectrum disorder (ASD). Previous work has demonstrated that microbiome and metabolite profiles of children with ASD become more similar to those of their typically developing (TD) peers following MTT. <h4>Methods</h4> To enhance a systems-level understanding of MTT in ASD children that extends beyond previously reported findings, we present a multi-omics analysis of an ASD cohort spanning 10 weeks and 2 years of follow-up after completion of MTT. We applied cutting-edge multi-omics approaches, including metagenomics, fecal and plasma metabolomics, and advanced statistical methods, including multimodal machine learning, differential network analysis, and causal mediation analysis, to extensively characterize molecular and biochemical responses before and after MTT, to identify key taxonomic, functional, and metabolite signatures associated with MTT treatment and ASD symptoms. <h4>Results</h4> Using a combination of cross-sectional and longitudinal statistical analyses and integrative machine learning techniques, we identified key meta-omic features associated with MTT. Integrated multi-omics analysis revealed that children with ASD transition to distinct biological states following MTT, clearly separated from their pre-treatment states and from TD children, as demonstrated by robust group separation and strong classification performance. Several biological signals associated with the modulation of the gut microbiome after MTT were identified, including an increase of butyrate producers such as Faecalibacterium prausnitzii and Butyricimonas faecalis ; decreased fecal sulfated primary bile acid, chenodeoxycholic acid sulfate; decreased secondary bile acid, glycolithocholate sulfate; and increased sarcosine and iminodiacetate in plasma after 10 weeks of MTT compared to baseline. Differential network analysis revealed hub species, including Prevotella copri , Ruminococcus callidus , and GGB9633 SGB15091 , as differentially connected 2 years after completion of MTT compared to baseline. Mediation analysis uncovered several key players as mediators of symptoms, including Alistipes ihumii , Ruminococceae , amino acid biosynthesis, bile acids, long-chain fatty acids, and cysteine-glutathione disulfide, among others. <h4>Conclusions</h4> This study provides one of the first comprehensive analyses of multi-omic features underlying host–microbiome interactions associated with MTT in children with ASD. It offers further evidence that fusing data across diverse molecular modalities at pre- and post- treatment time points can illuminate the potential of MTT in neurodevelopmental disorders. These findings could advance microbiome-based immunomodulatory therapies and multi-omics strategies to restore gut microbiota in children with ASD, while aiding in the discovery of novel biomarkers predictive of treatment response.",2025,10.1101/2025.10.10.681677,,europepmc_direct_formal_mediation; europepmc_direct_design,prior_level_2,retrieved,full_text_access/batch_01_files/10.1101_2025.10.10.681677.pdf,nonrandomized_intervention;mediation,2,causal_hypothesis,,,,,,,,,,
pubmed:41711838,"Exploring the causal relationship between plasma proteins and obstructive sleep apnea: a study using genome-wide Mendelian randomization, single-cell RNA sequencing analysis, and network pharmacology.","Observational studies suggest that plasma proteins play a crucial role in the development and progression of obstructive sleep apnea (OSA); however, the causal relationship between plasma proteins and OSA remains controversial. This study conducted a comprehensive evaluation of the causal relationships between 4,907 plasma proteins and OSA by employing bidirectional Mendelian randomization (MR) analysis, network pharmacology strategies, and single-cell sequencing techniques. The plasma protein data used in this study were derived from Ferkingstad et al.'s research (n = 35,559), and OSA-related data were obtained from genome-wide association studies (GWAS) conducted on European populations through Finland's biobank (FinnGen). This study utilized multi-omics integration strategies, including enrichment analysis, protein-protein interaction (PPI) network construction, drug target prediction, molecular docking simulation, and single-cell transcriptome sequencing, to investigate the biological mechanisms of identified targets and evaluate their potential applications in drug development. MR analysis identified 62 plasma proteins significantly associated with OSA risk, including NTN4 (p = 0.003, OR = 1.076, CI [1.024, 1.129]) and TFF2 (p = 0.004, OR = 1.098, CI [1.029, 1.174]). Further reverse Mendelian analysis revealed causal relationships between OSA and the CELF2, NTRK3, ANTXR2, and MYOM2 genes. PPI network analysis identified 10 core genes, including IL1β, TGFβ1, EGF, SHH, and SMAD2, which participate in critical pathological processes in OSA, such as oxidative stress, inflammatory responses, and immune regulation. Through drug prediction analysis, this study identified compounds with potential therapeutic effectiveness, including 3,4-DHB, BIM IX, and 1,9-Pyrazoloanthrone, and molecular docking studies further confirmed their high binding affinity to target proteins. Single-cell sequencing revealed high expression levels of key genes in T cells and dendritic cells, thereby confirming the critical role of these cells in the pathological progression of OSA. A total of 62 candidate therapeutic targets for OSA were identified in this study, with 10 of these targets deemed important candidates for clinical trials. These findings not only enrich the understanding of the molecular pathological mechanisms underlying OSA but also offer new perspectives for developing targeted therapeutic strategies to treat the condition. By facilitating the establishment of more precise and personalized disease management approaches, these results are expected to advance the development of therapeutic drugs for OSA and substantially reduce the economic costs associated with new drug development.",2026,10.1007/s00210-026-05087-1,41711838,pubmed_causal_model_effect_pathway; pubmed_genetic_instruments; pubmed_multiomics_two_sample_or_bidirectional_mr_candidates,prior_level_2,retrieved,full_text_access/batch_02_files/10.21203_rs.3.rs-6936975_v1.pdf,genetic_instrument,2,causal_hypothesis,,,,,,,,,,
pubmed:32232974,Metabolomic effects of androgen deprivation therapy treatment for prostate cancer.,"Androgen deprivation therapy (ADT) is the main treatment strategy for men with metastatic prostate cancer (PC). However, ADT is associated with various metabolic disturbances, including impaired glucose tolerance, insulin resistance and weight gain, increasing risk of diabetes and cardiovascular death. Much remains unknown about the metabolic pathways and disturbances altered by ADT and the mechanisms. We assessed the metabolomic effects of ADT in the serum of 20 men receiving ADT. Sera collected before (baseline), 3 and 6 months after initiation of ADT was used for the metabolomics and lipidomics analyses. The ADT-associated metabolic changes were identified by univariable and multivariable statistical analysis, ANOVA, and Pearson correlation. We found multiple key changes. First, ADT treatments reduced the steroid synthesis as reflected by the lower androgen sulfate and other steroid hormones. Greater androgen reduction was correlated with higher serum glucose levels, supporting the diabetogenic role of ADT. Second, ADT consistently decreased the 3-hydroxybutyric acid and ketogenesis. Third, many acyl-carnitines were reduced, indicating the effects on the fatty acid metabolism. Fourth, ADT was associated with a corresponding reduction in 3-formyl indole (a.k.a. indole-3-carboxaldehyde), a microbiota-derived metabolite from the dietary tryptophan. Indole-3-carboxaldehyde is an agonist for the aryl hydrocarbon receptor and regulates the mucosal reactivity and inflammation. Together, these ADT-associated metabolomic analyses identified reduction in steroid synthesis and ketogenesis as prominent features, suggesting therapeutic potential of restricted ketogenic diets, though this requires formal testing. ADT may also impact the microbial production of indoles related to the immune pathways. Future research is needed to determine the functional impact and underlying mechanisms to prevent ADT-linked comorbidities and diabetes risk.",2020,10.1002/cam4.3016,32232974,pubmed_rct_title_anchored_pairwise_omics_candidates,prior_level_2,retrieved,run_2026-07-16_randomized_multiomics_trial_batch_02/full_text_access/europepmc_pmc_xml/repository_xml/PMC7286468.xml,nonrandomized_intervention; temporal_design,2,causal_hypothesis,,,,,,,,,,
pubmed:40674570,A multi-omic analysis to investigate the causal associations between circulating proteins and risk of spontaneous abortion and their potential implications.,"Spontaneous abortion is a complex disorder with a significant genetic component. Identifying genetic variants influencing spontaneous abortion risk could unveil biological pathways and potential therapeutic targets. We performed Mendelian randomization using cis- and trans-protein quantitative trait loci (pQTLs) as instrumental variables to assess causal effects of circulating proteins on spontaneous abortion. Proteins exhibiting differential expression between sexes were excluded. KEGG pathway enrichment was employed to investigate the pathways affected by susceptibility genes, while single-cell transcriptomic analysis was utilized to explore the susceptible cell types with elevated expression of these genes within the uterine endometrium. MMP9 and DC-SIGN were associated with increased spontaneous abortion risk (OR=1.11(1.03-1.19), P=3.70x10-3; OR=1.09(1.02-1.16), p=9.89x10-3), while HBAZ and NELL1 had protective effects (OR=0.96(0.94-0.99), p=5.20x10-3; OR=0.94(0.9-0.98), p=8.54x10-3). Additionally, TMM85 conferred higher spontaneous abortion risk (OR=1.06(1.02-1.1), p=4.72x10-3). Pathway analysis highlighted sphingolipid binding, chemorepellent activity, and tumor necrosis factor receptor activity. Single-cell transcriptomics revealed that MUL1, EMC4, NDC80, and SELL genes exhibit higher expression levels within uterus cells, and these susceptibility genes displayed elevated expression levels in leukocytes, mature NK T cells, and T cells in the uterus. Our integrated multi-omics analysis identified genetic variants influencing spontaneous abortion risk and their downstream molecular mechanisms, providing insights into potential therapeutic targets. The implicated pathways and cell types may guide future investigations into the pathogenesis of spontaneous abortion.",2025,10.5935/1518-0557.20250031,40674570,pubmed_multiomics_genetic_instrument_candidates,prior_level_2,retrieved,full_text_access/batch_04_files/10.21203_rs.3.rs-5327234_v1.pdf,genetic_instrument,2,causal_hypothesis,,,,,,,,,,
pubmed:32115853,A metabolomics-based molecular pathway analysis of how the sodium-glucose co-transporter-2 inhibitor dapagliflozin may slow kidney function decline in patients with diabetes.,"To investigate which metabolic pathways are targeted by the sodium-glucose co-transporter-2 inhibitor dapagliflozin to explore the molecular processes involved in its renal protective effects. An unbiased mass spectrometry plasma metabolomics assay was performed on baseline and follow-up (week 12) samples from the EFFECT II trial in patients with type 2 diabetes with non-alcoholic fatty liver disease receiving dapagliflozin 10 mg/day (n = 19) or placebo (n = 6). Transcriptomic signatures from tubular compartments were identified from kidney biopsies collected from patients with diabetic kidney disease (DKD) (n = 17) and healthy controls (n = 30) from the European Renal cDNA Biobank. Serum metabolites that significantly changed after 12 weeks of dapagliflozin were mapped to a metabolite-protein interaction network. These proteins were then linked with intra-renal transcripts that were associated with DKD or estimated glomerular filtration rate (eGFR). The impacted metabolites and their protein-coding transcripts were analysed for enriched pathways. Of all measured (n = 812) metabolites, 108 changed (P < 0.05) during dapagliflozin treatment and 74 could be linked to 367 unique proteins/genes. Intra-renal mRNA expression analysis of the genes encoding the metabolite-associated proteins using kidney biopsies resulted in 105 genes that were significantly associated with eGFR in patients with DKD, and 135 genes that were differentially expressed between patients with DKD and controls. The combination of metabolites and transcripts identified four enriched pathways that were affected by dapagliflozin and associated with eGFR: glycine degradation (mitochondrial function), TCA cycle II (energy metabolism), L-carnitine biosynthesis (energy metabolism) and superpathway of citrulline metabolism (nitric oxide synthase and endothelial function). The observed molecular pathways targeted by dapagliflozin and associated with DKD suggest that modifying molecular processes related to energy metabolism, mitochondrial function and endothelial function may contribute to its renal protective effect.",2020,10.1111/dom.14018,32115853,pubmed_rct_title_anchored_pairwise_omics_candidates,prior_level_2,retrieved,run_2026-07-16_randomized_multiomics_trial_batch_02/full_text_access/europepmc_pmc_xml/repository_xml/PMC7317707.xml,randomized_intervention,2,causal_hypothesis,,,,,,,,,,
pubmed:32514005,Integrative phenotyping of glycemic responders upon clinical weight loss using multi-omics.,"Weight loss aims to improve glycemic control in obese but strong variability is observed. Using a multi-omics approach, we investigated differences between 174 responders and 201 non-responders, that had lost >8% body weight following a low-caloric diet (LCD, 800 kcal/d for 8 weeks). The two groups were comparable at baseline for body composition, glycemic control, adipose tissue transcriptomics and plasma ketone bodies. But they differed significantly in their response to LCD, including improvements in visceral fat, overall insulin resistance (IR) and tissue-specific IR. Transcriptomics analyses found down-regulation in key lipogenic genes (e.g. SCD, ELOVL5) in responders relative to non-responders; metabolomics showed increase in ketone bodies; while proteomics revealed differences in lipoproteins. Findings were consistent between genders; with women displaying smaller improvements owing to a better baseline metabolic condition. Integrative analyses identified a plasma omics model that was able to predict non-responders with strong performance (on a testing dataset, the Receiving Operating Curve Area Under the Curve (ROC AUC) was 75% with 95% Confidence Intervals (CI) [67%, 83%]). This model was based on baseline parameters without the need for intrusive measurements and outperformed clinical models (p = 0.00075, with a +14% difference on the ROC AUCs). Our approach document differences between responders and non-responders, with strong contributions from liver and adipose tissues. Differences may be due to de novo lipogenesis, keto-metabolism and lipoprotein metabolism. These findings are useful for clinical practice to better characterize non-responders both prior and during weight loss.",2020,10.1038/s41598-020-65936-8,32514005,pubmed_randomized_multiomics_trials,prior_level_2,retrieved,run_2026-07-16_randomized_multiomics_trial_batch_02/full_text_access/europepmc_pmc_xml/repository_xml/PMC7280519.xml,nonrandomized_intervention; temporal_design,2,causal_hypothesis,,,,,,,,,,
europepmc:PPR:PPR859859,Multi-omics and Mendelian Randomization network analysis of the association between metabolic and cognitive functions in the UK Biobank Database,"In obese individuals, low levels of leptin, an hormone regulating energy expenditure, have been claimed to be associated with neurodegeneration during ageing. Since leptin signalling system is less potent in the elderly, its protective anti-inflammatory effect in the brain is inhibited and people overweight in middle-age are at higher risk of developing dementia later in life. However, the causal association between obesity and cognitive decline has been inconsistent so far. We incorporated several metabolic and cognitive phenotypes from primary-care health records from European individuals in the UK Biobank to study comprehensively the genetic architecture of metabolic function and cognition. By GWAS analysis, we identified genetic loci in various traits associated with metabolic function and cognitive performance and investigated their genetic association by Mendelian Randomization. Importantly, we identified putatively causality amongst metabolism related traits and that higher adiposity is causally associated with a worse cognitive performance. We conducted a transcriptome-wide association study to identify regulatory effects of the susceptibility variants to pinpoint genes associated with gene expression changes. We integrated the GWAS results with transcriptome and single cell public data to identify tissues and cell types associated with the pathogenesis of metabolic dysfunction and cognition. Overall, this multi-omics approach have proven to be invaluable for demonstrating the causal association between adiposity and cognition and for the discovery of causal variants, genes, tissues and cell types underlying these phenotypes.",2024,10.1101/2024.05.30.24307732,,europepmc_molecular_gwas_mr_expansion; europepmc_molecular_gwas_twas_mr,prior_level_3,retrieved,full_text_access/batch_05_files/10.1101_2024.05.30.24307732.pdf,genetic_instrument;graphical_or_directed_model,3,causal_evidence,,,,,,,,,,
europepmc:PPR:PPR1221255,Integrative multi-omics and multi-trait analysis prioritizes regulatory mechanisms and genes for metabolic dysfunction-associated steatotic liver disease,"Metabolic dysfunction-associated steatotic liver disease (MASLD) is a prevalent condition that progresses from simple steatosis to advanced fibrosis, significantly affecting liver function and systemic health. Despite its widespread impact, therapeutic options are limited, highlighting the urgent need for comprehensive exploration to identify potential therapeutic targets. In this study, we created an analysis pipeline anchored on liver gene expression, integrating differential meta-analysis of transcriptomic data across three MASLD stages, transcriptome-wide Mendelian randomization (MR), and transcriptome-wide association studies (TWAS), to identify 39 candidate genes potentially involved in MASLD progression. Furthermore, we prioritized these genes using a scoring system that incorporated gene expression-clinical phenotype correlation meta-analysis, proteome-wide association studies (PWAS), and external genetic data from the GWAS Catalog and ExPheWAS. Single-nucleus RNA sequencing (snRNA-seq) analysis of liver cells from healthy to cirrhotic stages revealed stage- and cell-type-specific expression patterns of these prioritized genes. Through experimental validation in a lipid overload hepatocyte model, we confirmed the role of MLIP in lipid metabolism. These findings, available through an interactive web portal (masldportal.net), provide valuable insights into MASLD mechanisms and offer an easy-accessible resource for the research community. <h4>Graphic abstract</h4>",2026,10.64898/2026.02.19.706502,,europepmc_molecular_gwas_mr_expansion; europepmc_molecular_gwas_twas_mr,prior_level_3,retrieved,full_text_access/batch_04_files/10.64898_2026.02.19.706502.pdf,genetic_instrument;direct_perturbation,3,causal_evidence,,,,,,,,,,
europepmc:PPR:PPR676193,Interaction of circadian-regulated gene expression and DNA methylation with eleven psychiatric disorders: a Mendelian randomization study,"<title>Abstract</title> <p>Circadian regulation is driven by the internal circadian clock (CC), and CC-related genes have been linked to psychiatric disorders. However, a comprehensive understanding of the causal relationships between these genes and psychiatric disorders is lacking. This study used a multi-omics summary data-based Mendelian randomization (SMR) method to identify potential mechanisms connecting eleven common psychiatric disorders to CC-related genes. CC-related genes were obtained from GeneCards, and pooled GWAS data for the psychiatric disorders were collected. An integrated analysis was performed, combining GWAS data with eQTL and mQTL data from blood and brain tissues. The study identified 529 CC-related genes and found candidate causative genes for major depression, neuroticism, and schizophrenia through SMR analysis. However, no significant genetic correlations with circadian regulation were observed for other psychiatric disorders. The study hypothesized that specific DNA methylation patterns could regulate the expression of certain genes and increase the risk of major depression and schizophrenia, while decreasing the risk of neuroticism. Overall, the findings have the potential to contribute to future advancements in psychiatric disorder diagnosis.</p>",2023,10.21203/rs.3.rs-3035082/v1,,europepmc_qtl_anchored_broad_mendelian_randomization; europepmc_qtl_anchored_language,prior_level_3,retrieved,full_text_access/batch_04_pdf_retrieval_files/10.21203_rs.3.rs-3035082_v1.pdf,genetic_instrument;mediation,3,causal_evidence,,,,,,,,,,
pubmed:32075887,Mediterranean diet intervention in overweight and obese subjects lowers plasma cholesterol and causes changes in the gut microbiome and metabolome independently of energy intake.,"This study aimed to explore the effects of an isocaloric Mediterranean diet (MD) intervention on metabolic health, gut microbiome and systemic metabolome in subjects with lifestyle risk factors for metabolic disease. Eighty-two healthy overweight and obese subjects with a habitually low intake of fruit and vegetables and a sedentary lifestyle participated in a parallel 8-week randomised controlled trial. Forty-three participants consumed an MD tailored to their habitual energy intakes (MedD), and 39 maintained their regular diets (ConD). Dietary adherence, metabolic parameters, gut microbiome and systemic metabolome were monitored over the study period. Increased MD adherence in the MedD group successfully reprogrammed subjects' intake of fibre and animal proteins. Compliance was confirmed by lowered levels of carnitine in plasma and urine. Significant reductions in plasma cholesterol (primary outcome) and faecal bile acids occurred in the MedD compared with the ConD group. Shotgun metagenomics showed gut microbiome changes that reflected individual MD adherence and increase in gene richness in participants who reduced systemic inflammation over the intervention. The MD intervention led to increased levels of the fibre-degrading Faecalibacterium prausnitzii and of genes for microbial carbohydrate degradation linked to butyrate metabolism. The dietary changes in the MedD group led to increased urinary urolithins, faecal bile acid degradation and insulin sensitivity that co-varied with specific microbial taxa. Switching subjects to an MD while maintaining their energy intake reduced their blood cholesterol and caused multiple changes in their microbiome and metabolome that are relevant in future strategies for the improvement of metabolic health.",2020,10.1136/gutjnl-2019-320438,32075887,pubmed_rct_title_anchored_pairwise_omics_candidates,prior_level_3,retrieved,run_2026-07-16_randomized_multiomics_trial_batch_02/full_text_access/europepmc_pmc_xml/repository_xml/PMC7306983.xml,randomized_intervention,3,causal_evidence,,,,,,,,,,
semantic_scholar:0789d9253e9e77a9dcf4e6643c35cbd6467ca9aa,Multiomics identification of ALDH9A1 as a crucial immunoregulatory molecule involved in calcific aortic valve disease,"Mitochondrial dysfunction and immune cell infiltration play crucial yet incompletely understood roles in the pathogenesis of calcific aortic valve disease (CAVD). This study aimed to identify immune-related mitochondrial genes critical to the pathological process of CAVD using multiomics approaches. The CIBERSORT algorithm was employed to evaluate immune cell infiltration characteristics in CAVD patients. An integrative analysis combining weighted gene coexpression network analysis (WGCNA), machine learning, and summary data-based Mendelian randomization (SMR) was performed to identify key mitochondrial genes implicated in CAVD. Spearman’s rank correlation analysis was also performed to assess the relationships between key mitochondrial genes and infiltrating immune cells. Compared with those in normal aortic valve tissue, an increased proportion of M0 macrophages and resting memory CD4 T cells, along with a decreased proportion of plasma cells and activated dendritic cells, were observed in CAVD patients. Additionally, eight key mitochondrial genes associated with CAVD, including PDK4, LDHB, SLC25A36, ALDH9A1, ECHDC2, AUH, ALDH2, and BNIP3, were identified through the integration of WGCNA and machine learning methods. Subsequent SMR analysis, incorporating multiomics data, such as expression quantitative trait loci (eQTLs) and methylation quantitative trait loci (mQTLs), revealed a significant causal relationship between ALDH9A1 expression and a reduced risk of CAVD. Moreover, ALDH9A1 expression was inversely correlated with M0 macrophages and positively correlated with M2 macrophages. These findings suggest that increased ALDH9A1 expression is significantly associated with a reduced risk of CAVD and that it may exert its protective effects by modulating mitochondrial function and immune cell infiltration. Specifically, ALDH9A1 may contribute to the shift from M0 macrophages to anti-inflammatory M2 macrophages, potentially mitigating the pathological progression of CAVD. In conclusion, ALDH9A1 represents a promising molecular target for the diagnosis and treatment of CAVD. However, further validation through in vivo and n vitro studies is necessary to confirm its role in CAVD pathogenesis and therapeutic potential.",2024,10.1038/s41598-024-75115-8,39384885,semantic_scholar_strict_smr_heidi,prior_level_3,retrieved,causal_multiomics_seed_corpus/semantic_scholar_design_audit_2026-07-15/full_text_access/location_resolver_2026-07-15/pdf_url_audit/retrieved_files/10.1038_s41598-024-75115-8.pdf,genetic_instrument,3,causal_evidence,,,,,,,,,,
semantic_scholar:7949e87029fec72686e811c1f08180608281a9fe,FAHD1-mediated pyruvate metabolism in hepatocellular carcinoma: Multi-omics and causal genetic evidence,"Summary Hepatocellular carcinoma (HCC) progression is driven by metabolic reprogramming in the tumor microenvironment (TME), yet the causal regulators of pyruvate metabolism and their spatial interplay remain elusive. Here, we integrate single-cell transcriptomics, spatial mapping, and genetic causal inference to identify a pyruvate-hyperactive epithelial subpopulation (PyHighEpi) in HCC, characterized by enhanced stemness, proliferation, and metastatic traits. Spatial analyses reveal metabolic zonation, with pyruvate activity concentrated in tumor cores and associated with aggressive clones. Summary data-based Mendelian randomization identifies fumarylacetoacetate hydrolase domain containing 1 (FAHD1) as a potential causal driver, with its expression associated with a poor prognosis. FAHD1+epi cells interact with cancer-associated fibroblasts through ITGB2-mediated interactions, facilitating the formation of a transforming growth factor-β/vascular endothelial growth factor-enriched niche that promotes immune evasion. Clinically, FAHD1 overexpression correlated with poor prognosis, validated through functional assays showing its knockdown suppressed proliferation, invasion, and migration in HCC models. An FAHD1-derived risk score robustly stratifies patient prognosis and predicts responsiveness to immunotherapy, while molecular docking highlighted tivozanib as a potential FAHD1-targeting agent.",2025,10.1016/j.xhgg.2025.100494,40814172,semantic_scholar_strict_smr_heidi,prior_level_3,retrieved,causal_multiomics_seed_corpus/semantic_scholar_design_audit_2026-07-15/full_text_access/location_resolver_2026-07-15/pmc_xml_route_audit_2026-07-16/retrieved_xml/PMC12414894.xml,genetic_instrument; direct_perturbation,3,causal_evidence,,,,,,,,,,
europepmc:PPR:PPR1049553,"Dissecting the Causal Pathway from the Gut Microbiota to PCOS via Circulating Metabolite Mediation: Evidence from Mendelian Randomization, Single-cell and Bulk RNA Sequencing, Network Pharmacology, and In Vitro Tissue Validation","<title>Abstract</title> <p> <bold>Backgroud</bold> Alterations in the gut microbiota have been increasingly linked to the pathogenesis of polycystic ovary syndrome (PCOS), but the causal relationships and underlying molecular mechanisms remain poorly understood. <bold>Methods</bold> We employed a bidirectional two-sample Mendelian randomization (MR) approach to assess causal associations among the gut microbiota, blood metabolites, and PCOS, utilizing large-scale genome-wide association study (GWAS) summary statistics. Mediation and reverse MR analyses were conducted to identify key metabolic intermediates. The integration of tissue-specific expression quantitative trait locus (eQTL) data facilitated the mapping of microbial genetic variants to ovarian gene regulation. Furthermore, granulosa cells were collected from IVF-ET patients and analyzed via qRT‒PCR to validate the eQTL mapping results. Functional characterization was carried out via the use of bulk and single-cell RNA-sequencing datasets, along with pathway enrichment and immune infiltration analyses. Molecular docking was performed to predict potential drug‒target interactions. <bold>Results</bold> MR analysis revealed nine gut microbial taxa with suggestive or significant causal associations with PCOS risk, notably a positive effect on <italic>Burkholderiales</italic> and protective effects on several commensal taxa. The mediation MR identified pseudouridine as a key metabolite mediating the link between <italic>Burkholderiales</italic> and PCOS. Integration with ovary-specific eQTL data highlighted three candidate genes— <italic>ATP13A4</italic> , <italic>IMMP2L</italic> , and <italic>KCTD1</italic> —as potential mediators of microbiota–host interactions. qRT‒PCR analysis of granulosa cells confirmed the high expression of these genes, with <italic>ATP13A4</italic> significantly upregulated in PCOS granulosa cells, whereas the other two genes presented significantly lower expression. These findings were supported by strong colocalization signals and validated through bulk and single-cell transcriptomic analyses. Pathway enrichment analyses implicated these genes in inflammatory, metabolic, and hormonal regulation. Immune infiltration and metabolic pathway analyses further elucidated the microenvironmental and functional relevance of these genes in PCOS. Molecular docking has been used to predict drug–gene interactions with potential therapeutic implications. <bold>Conclusion</bold> Our integrative multiomics MR framework provides robust evidence for a causal gut microbiota–metabolite–gene axis in PCOS pathogenesis. These findings offer new insights into the mechanisms of PCOS and identify novel molecular and pharmacological targets, laying the foundation for the development of precision therapies. </p>",2025,10.21203/rs.3.rs-7028262/v1,,europepmc_direct_two_sample_or_bidirectional_mr; europepmc_direct_design,prior_level_3,retrieved,full_text_access/batch_02_files/10.21203_rs.3.rs-7028262_v1.pdf,genetic_instrument;mediation,3,causal_evidence,,,,,,,,,,
pubmed:30782617,"Effects of dietary fat on gut microbiota and faecal metabolites, and their relationship with cardiometabolic risk factors: a 6-month randomised controlled-feeding trial.","To investigate whether diets differing in fat content alter the gut microbiota and faecal metabolomic profiles, and to determine their relationship with cardiometabolic risk factors in healthy adults whose diet is in a transition from a traditional low-fat diet to a diet high in fat and reduced in carbohydrate. In a 6-month randomised controlled-feeding trial, 217 healthy young adults (aged 18-35 years; body mass index <28 kg/m 2 ; 52% women) who completed the whole trial were included. All the foods were provided during the intervention period. The three isocaloric diets were: a lower-fat diet (fat 20% energy), a moderate-fat diet (fat 30% energy) and a higher-fat diet (fat 40% energy). The effects of the dietary interventions on the gut microbiota, faecal metabolomics and plasma inflammatory factors were investigated. The lower-fat diet was associated with increased α-diversity assessed by the Shannon index (p=0.03), increased abundance of Blautia (p=0.007) and Faecalibacterium (p=0.04), whereas the higher-fat diet was associated with increased Alistipes (p=0.04), Bacteroides (p<0.001) and decreased Faecalibacterium (p=0.04). The concentration of total short-chain fatty acids was significantly decreased in the higher-fat diet group in comparison with the other groups (p<0.001). The cometabolites p-cresol and indole, known to be associated with host metabolic disorders, were decreased in the lower-fat diet group. In addition, the higher-fat diet was associated with faecal enrichment in arachidonic acid and the lipopolysaccharide biosynthesis pathway as well as elevated plasma proinflammatory factors after the intervention. Higher-fat consumption by healthy young adults whose diet is in a state of nutrition transition appeared to be associated with unfavourable changes in gut microbiota, faecal metabolomic profiles and plasma proinﬂammatory factors, which might confer adverse consequences for long-term health outcomes. NCT02355795; Results.",2019,10.1136/gutjnl-2018-317609,30782617,pubmed_rct_title_anchored_pairwise_omics_candidates,prior_level_3,retrieved,run_2026-07-16_randomized_multiomics_trial_batch_01/full_text_access/cross_database_resolver_2026-07-16/retrieved_files/10.1136_gutjnl-2018-317609.pdf,randomized_intervention,3,causal_evidence,,,,,,,,,,
semantic_scholar:95078dd6ddd1b02c82a290dfb8ebc8b0666d3750,Integrating multi-omics and reverse network toxicology to identify pollutant risks and potential intervention targets in pulmonary arterial hypertension,"Background Idiopathic pulmonary arterial hypertension (PAH) is a progressive cardiovascular disorder with high mortality. Although both genetic and environmental factors are implicated in its pathogenesis, the underlying mechanisms remain unclear. Methods We integrated transcriptomic data from PAH lung tissue, GWAS summary statistics, and QTL data for DNA methylation, gene expression, and plasma protein. Core dysregulated genes were first identified via differential expression and protein-protein interaction network analysis. Using summary-data-based Mendelian randomization (SMR), we systematically evaluated potential potential genetic associations between methylation, expression, or protein levels of candidate genes and PAH risk, with the HEIDI test to distinguish causality from pleiotropy. Key findings were validated by examining gene expression trends in two independent cohorts. Finally, reverse network toxicology was applied: environmental pollutants targeting identified genes were screened using the CTD, their binding potential assessed via molecular docking, and effects of a candidate pollutant on gene expression and cell proliferation validated in vitro in human pulmonary artery smooth muscle cells (HPASMCs). Results We identified 254 differentially expressed genes in PAH. Among these, TAGLN2 exhibited a significant positive association with PAH risk at three molecular levels—DNA methylation, gene expression, and plasma protein, suggesting a pathogenic role. Specifically, increased TAGLN2 protein abundance (HR = 9.00, 95% CI: 1.52–53.16) and gene expression levels (HR = 9.00, 95% CI: 1.52–53.16) were associated with higher PAH risk, while its methylation sites (e.g., cg13892570, cg16107628) showed a negative association. Validation in two independent cohorts confirmed that TAGLN2 expression was upregulated in the lung tissue of PAH patients. Reverse toxicology predicted eight environmental pollutants as potential TAGLN2-targeting agents, including PFOS, dibutyl phthalate, bisphenols, and benzo[a]pyrene. Molecular docking indicated that all these compounds could bind stably to the TAGLN2 protein (binding free energy < −5.0 kcal/mol), with PFOS exhibiting the strongest binding affinity (−8.9 kcal/mol). In vitro experiments showed that PFOS upregulated TAGLN2 mRNA expression in HPASMCs and promoted cell proliferation in a dose-dependent manner, providing preliminary correlative evidence. Conclusion This study prioritizes TAGLN2 as a genetically associated candidate gene for PAH and identifies environmental pollutants that may target TAGLN2. While the in vitro data show that PFOS upregulates TAGLN2 expression and promotes HPASMC proliferation, functional perturbation experiments are needed to establish a mechanistic requirement for TAGLN2. These findings provide hypothesis-generating insights into potential gene-environment interactions in PAH.",2026,10.3389/fcell.2026.1840760,42326004,semantic_scholar_strict_smr_heidi,prior_level_3,retrieved,causal_multiomics_seed_corpus/semantic_scholar_design_audit_2026-07-15/full_text_access/semantic_scholar_oa_url_audit/retrieved_files/10.3389_fcell.2026.1840760.pdf,genetic_instrument,3,causal_evidence,,,,,,,,,,
europepmc:MED:40131544,DNA methylation-regulated HLA-C expression modulates immune responses and metabolic alterations to influence prognosis in mesothelioma.,"<h4>Background</h4>Malignant mesothelioma is a highly aggressive cancer with a poor prognosis and limited therapeutic options. The tumor microenvironment (TME) plays a pivotal role in driving tumor progression, with immune cells influencing disease outcomes. However, the molecular mechanisms underpinning mesothelioma's progression remain insufficiently understood. HLA-C, a class I major histocompatibility complex (MHC) molecule, has been implicated in immune modulation and cancer progression, but its specific role in mesothelioma has yet to be thoroughly investigated.<h4>Methods</h4>This study employed a comprehensive multi-omics approach, integrating single-cell RNA sequencing, expression quantitative trait loci (eQTL) analysis, and Mendelian randomization (MR), to elucidate the role of HLA-C in mesothelioma progression. We first analyzed HLA-C expression within the TME, with particular focus on immune cells, especially macrophages. Survival analysis was conducted using data from the TCGA mesothelioma cohort to assess the clinical relevance of HLA-C expression. We utilized mediated MR analysis to investigate the impact of DNA methylation on HLA-C expression, identifying key mediators such as inflammatory cytokines, immune cell populations, blood cell types, and metabolites that could potentially influence patient prognosis.<h4>Results</h4>HLA-C was predominantly expressed in macrophages, T cells, and NK cells within the TME, and higher expression levels were associated with improved patient survival. MR analysis revealed that DNA methylation regulates HLA-C expression, which in turn impacts mesothelioma outcomes. Mediated MR analysis, encompassing 91 inflammatory cytokines, 731 immune cell populations, 91 blood cell types, and 1400 metabolites, highlighted several critical mediators of HLA-C's effect on prognosis, including IL-10, CD33 expression on CD33dim HLA DR- myeloid cells, the reticulocyte perturbation response, and the ADP-to-citrate ratio. Gene set enrichment analysis (GSEA) showed significant enrichment of immune-related and inflammatory pathways in patients with high HLA-C expression.<h4>Conclusion</h4>HLA-C, regulated by DNA methylation, plays a central role in mesothelioma prognosis by modulating immune responses, inflammatory cytokines, blood cell populations, and metabolic processes within the TME. Our findings suggest that HLA-C could serve as both a prognostic biomarker and a potential therapeutic target for mesothelioma, offering new insights into the molecular mechanisms driving this aggressive cancer.",2025,10.1007/s00262-025-04012-4,40131544,europepmc_qtl_anchored_broad_mendelian_randomization; europepmc_qtl_anchored_language,prior_level_3,retrieved,full_text_access/repository_xml/PMC11937463.xml,genetic_instrument;mediation,3,causal_evidence,,,,,,,,,,
pubmed:31808596,The intestinal microbiome potentially affects thrombin generation in human subjects.,"The intestinal microbiome plays a versatile role in the etiology of arterial thrombosis. In venous thrombosis, driven chiefly by plasma coagulation, no such role has yet been established. We hypothesized that the intestinal microbiome composition affects coagulation in humans. We used healthy donor fecal microbiota transplant (FMT) to experimentally change the microbiome composition in metabolic syndrome patients. Thirty-five subjects were randomized in a blinded fashion to healthy donor FMT or autologous FMT as a control in a 2:1 ratio. We measured thrombin generation at baseline and after 6 weeks using automated calibrated thrombinography, and we determined plasma abundance of 32 coagulation related proteins using a targeted mass spectrometry-based quantitative proteomics assay with heavy labeled internal standards. Healthy donor FMT prolonged the thrombinography lag time (median delta 0.0 versus 0.25 minutes, P = .039). The other thrombinography parameters showed no significant difference. Unsupervised cluster analysis suggested overall downregulation of coagulation related plasma proteins in subject clusters containing predominantly subjects that had a metabolic response to healthy donor FMT. FMT treatment status itself showed no clear clustering pattern with up- or downregulation, however, and proteins did not cluster according to an apparent biological grouping. A single healthy donor FMT tends to modestly suppress the onset thrombin generation in metabolic syndrome patients, representing initial proof-of-principle that the intestinal microbiota composition might affect the coagulation system in humans. The findings merit external validation as a role for intestinal microbiota in coagulation can have clinically important implications.",2019,10.1111/jth.14699,31808596,pubmed_rct_title_anchored_pairwise_omics_candidates,prior_level_3,retrieved,run_2026-07-16_randomized_multiomics_trial_batch_02/full_text_access/europepmc_pmc_xml/repository_xml/PMC7065057.xml,randomized_intervention,3,causal_evidence,,,,,,,,,,
europepmc:PPR:PPR759304,"Causal relationships between new 412 gut microbiota, 731 inflammatory cells,91 inflammatory proteins and circulating leukocytes and subarachnoid hemorrhage: a Multi-omics, Bidirectional Mendelian randomization study and Meta-analysis","<title>Abstract</title> <p>Background A neurological emergency with potentially fatal outcomes is subarachnoid hemorrhage (SAH). Arachnoid and soft meninges are separated by a tiny gap called the subarachnoid space. The term ""SAH"" describes a clinical state brought on by bleeding into the subarachnoid space as a result of diseased or damaged blood vessels rupturing at the base or surface of the brain. Methods To obtain preliminary results, this study integrated the use of several omics with Mendelian randomization analysis and MR-IVW, MR Egger, MR weight median, and MR weight mode. Reverse Mendelian randomization analysis using subarachnoid hemorrhage as exposure. Lastly, to get a summary of the findings, conduct a meta-analysis on the preliminary data. Results GBPA-Pyridoxal 5 photosphate biosynthatis I (OR = 1.48,95% CI, 1.04–2.12) and GBPA-glucose biosynthesis I(OR = 0.68,95% CI, 0.52–0.90)is positively correlated with SAH. The urokinase type plasma activator levels showed a positive correlation with SAH (OR = 1.17,95% CI, 1.04–1.32).CD80 on CD62L + Plasmacytoid Dendritic Cell, CD80 on plasmacytoid Dendritic Cell, CD123 on CD62L + plasmacytoid Dendritic Cell and SSC-A on Plasmacytoid Dendritic Cell were found to be associated with SAH. Conclusion Using Mendelian randomization and meta-analysis, four inflammatory cells, one inflammatory protein, and two new gut microbiota-related pathways were shown to be connected to SAH in this investigation. suggesting that each of these could be a potential treatment target for SAH. This implies that controlling gut microbiota and using anti-inflammatory medications are essential for treating SAH.</p>",2023,10.21203/rs.3.rs-3562537/v1,,europepmc_direct_two_sample_or_bidirectional_mr; europepmc_direct_design,prior_level_3,retrieved,full_text_access/batch_04_files/10.21203_rs.3.rs-3562537_v1.pdf,genetic_instrument,3,causal_evidence,,,,,,,,,,
europepmc:PPR:PPR1031376,Integrative mediation and multi-omics analysis to decode Aortic dissection’s genetic causal phenotype and potential therapeutic targets,"<title>Abstract</title> <p><bold>Background</bold> Aortic dissection(AD) is a fatal cardiovascular emergency associated with inflammation, immunity, and metabolic factors. Understanding the underlying etiology and identifying pathogenic targets of AD is essential for its prevention, accurate diagnosis, and effective treatment. <h4>Objective:</h4> We sought to elucidate the mediating role of metabolites in the causal relationship between inflammation-related proteins, immune cells, diet and AD. Additionally, we sought to identify potential therapeutic targets for the management of AD.<bold>Methods</bold> The causal relationship between 91 inflammation-related proteins, 731 immune cells, 239 diet and AD mediated by plasma metabolites were inferred by MR analysis. Furthermore, we conducted multi-omics summary data-based MR (SMR) studies utilizing expression quantitative trait loci (eQTL) and protein quantitative trait loci (pQTL) data to unveil potential risk genes and the pathophysiological mechanisms underlying AD.<bold>Results</bold> A total of two inflammation-related proteins, 38 immune cells, 12 diet, and 71 plasma metabolites have been identified as causally linked to AD. Mediation analysis revealed the involvement of two distinct pathways in the underlying mechanisms of AD. The pivotal target gene associated with AD, SHMT1, has been pinpointed through SMR study, thereby promoting the development of gene-targeted therapeutic approaches.<bold>Conclusion</bold> This research thoroughly clarifies the role of inflammation-related proteins, immune cells, and the complex interplay of diet in the pathogenesis of AD. The potential pathways and identified proteins may offer novel insights into the underlying mechanisms of AD, contributing to strategies for its prevention.</p>",2025,10.21203/rs.3.rs-6680735/v1,,europepmc_qtl_anchored_causal_effect; europepmc_qtl_anchored_language,prior_level_3,retrieved,full_text_access/batch_04_pdf_retrieval_files/10.21203_rs.3.rs-6680735_v1.pdf,genetic_instrument;mediation,3,causal_evidence,,,,,,,,,,
pubmed:29439395,"Effectiveness and Safety of a Probiotic-Mixture for the Treatment of Infantile Colic: A Double-Blind, Randomized, Placebo-Controlled Clinical Trial with Fecal Real-Time PCR and NMR-Based Metabolomics Analysis.","To investigate the effectiveness and the safety of a probiotic-mixture (Vivomixx ® , Visbiome ® , DeSimone Formulation ® ; Danisco-DuPont, Madison, WI, USA) for the treatment of infantile colic in breastfed infants, compared with a placebo. A randomized, double-blind, placebo-controlled trial was conducted in exclusively breastfed infants with colic, randomly assigned to receive a probiotic-mixture or a placebo for 21 days. A structured diary of gastrointestinal events of the infants was given to the parents to complete. Samples of feces were also collected to evaluate microbial content and metabolome using fecal real-time polymerase chain reaction (qPCR) and Nuclear magnetic resonance (NMR)-based analysis. Study registered at ClinicalTrials.gov (NCT01869426). Fifty-three exclusively-breastfed infants completed three weeks of treatment with a probiotic-mixture ( n = 27) or a placebo ( n = 26). Infants receiving the probiotic-mixture had less minutes of crying per day throughout the study by the end of treatment period (68.4 min/day vs. 98.7 min/day; p = 0.001). A higher rate of infants from the probiotic-mixture group responded to treatment (defined by reduction of crying times of ≥50% from baseline), on day 14, 12 vs. 5 ( p = 0.04) and on day 21, 26 vs. 17 ( p = 0.001). A higher quality of life, assessed by a 10-cm visual analogue scale, was reported by parents of the probiotic-mixture group on day 14, 7.1 ± 1.2 vs. 7.7 ± 0.9 ( p = 0.02); and on day 21, 6.7 ± 1.6 vs. 5.9 ± 1.0 ( p = 0.001). No differences between groups were found regarding anthropometric data, bowel movements, stool consistency or microbiota composition. Probiotics were found to affect the fecal molecular profile. No adverse events were reported. Administration of a probiotic-mixture appears safe and reduces inconsolable crying in exclusively breastfed infants.",2018,10.3390/nu10020195,29439395,pubmed_rct_title_anchored_pairwise_omics_candidates,prior_level_3,retrieved,run_2026-07-16_randomized_multiomics_trial_batch_01/full_text_access/europepmc_pmc_xml/repository_xml/PMC5852771.xml,randomized_intervention,3,causal_evidence,,,,,,,,,,
europepmc:PPR:PPR1018340,Causal Inference of CLEC5A and ISG20 in Atherosclerosis: Integrating Mendelian Randomization and eQTL Evidence,"<h4>Background: </h4> Atherosclerosis (AS) is a vascular disease driven by lipid deposition and chronic inflammation, with pathogenesis linked to genetic and immune dysregulation. This study aimed to systematically identify AS-associated genes, elucidate their molecular mechanisms, and explore therapeutic targets by integrating multi-omics analyses and experimental validation. <h4>Methods:</h4> AS-associated genes were screened through differential gene expression analysis of Gene Expression Omnibus (GEO) datasets and expression quantitative trait loci (eQTL)-based Mendelian randomization (MR) analysis to infer causal relationships. Functional insights were derived from Gene Ontology (GO) and Gene Set Enrichment Analysis (GSEA). Experimental validation included quantitative real-time PCR (qPCR), Western blotting, and immunohistochemistry in oxidized low-density lipoprotein (ox-LDL)-stimulated macrophages and apolipoprotein E-deficient (ApoE-/-) mouse models. <h4>Results:</h4> CLEC5A and ISG20 were significantly upregulated in AS patients, with MR confirming their positive causal associations with AS risk (CLEC5A: OR=1.001, P=0.047; ISG20: OR=1.001, P=0.030), while HOXA2 showed a negative association.Functional enrichment linked CLEC5A and ISG20 to immune activation, inflammatory pathways, and lipid metabolism.Experimental validation revealed marked ISG20 upregulation in ox-LDL-stimulated macrophages (P&lt; 0.01) and aortic tissues of ApoE-/- mice, with immunohistochemistry localizing its high expression to endothelial layers and macrophage-rich regions of AS plaques. <h4>Conclusions:</h4> This study identifies ISG20 as a novel pro-atherogenic factor and potential therapeutic target, while CLEC5A and HOXA2 underscore the genetic-immune interplay in AS pathogenesis. These findings advance mechanistic insights and provide a foundation for targeted interventions.",2025,10.20944/preprints202505.0713.v1,,europepmc_qtl_anchored_broad_mendelian_randomization; europepmc_qtl_anchored_language,prior_level_3,retrieved,preprint_publication_access_correction_2026-07-15/retrieved_files/PMC12708247.xml,genetic_instrument,3,causal_evidence,,,,,,,,,,
europepmc:MED:36891970,Exploiting the mediating role of the metabolome to unravel transcript-to-phenotype associations.,"Despite the success of genome-wide association studies (GWASs) in identifying genetic variants associated with complex traits, understanding the mechanisms behind these statistical associations remains challenging. Several methods that integrate methylation, gene expression, and protein quantitative trait loci (QTLs) with GWAS data to determine their causal role in the path from genotype to phenotype have been proposed. Here, we developed and applied a multi-omics Mendelian randomization (MR) framework to study how metabolites mediate the effect of gene expression on complex traits. We identified 216 transcript-metabolite-trait causal triplets involving 26 medically relevant phenotypes. Among these associations, 58% were missed by classical transcriptome-wide MR, which only uses gene expression and GWAS data. This allowed the identification of biologically relevant pathways, such as between <i>ANKH</i> and calcium levels mediated by citrate levels and <i>SLC6A12</i> and serum creatinine through modulation of the levels of the renal osmolyte betaine. We show that the signals missed by transcriptome-wide MR are found, thanks to the increase in power conferred by integrating multiple omics layer. Simulation analyses show that with larger molecular QTL studies and in case of mediated effects, our multi-omics MR framework outperforms classical MR approaches designed to detect causal relationships between single molecular traits and complex phenotypes.",2023,10.7554/elife.81097,36891970,europepmc_qtl_anchored_broad_mendelian_randomization; europepmc_qtl_anchored_language,prior_level_3,retrieved,full_text_access/repository_xml/PMC9998083.xml,genetic_instrument;mediation,3,causal_evidence,,,,,,,,,,
pubmed:31406230,Fecal microbiome and metabolome of infants fed bovine MFGM supplemented formula or standard formula with breast-fed infants as reference: a randomized controlled trial.,"Human milk delivers an array of bioactive components that safeguard infant growth and development and maintain healthy gut microbiota. Milk fat globule membrane (MFGM) is a biologically functional fraction of milk increasingly linked to beneficial outcomes in infants through protection from pathogens, modulation of the immune system and improved neurodevelopment. In the present study, we characterized the fecal microbiome and metabolome of infants fed a bovine MFGM supplemented experimental formula (EF) and compared to infants fed standard formula (SF) and a breast-fed reference group. The impact of MFGM on the fecal microbiome was moderate; however, the fecal metabolome of EF-fed infants showed a significant reduction of several metabolites including lactate, succinate, amino acids and their derivatives from that of infants fed SF. Introduction of weaning food with either human milk or infant formula reduces the distinct characteristics of breast-fed- or formula-fed- like infant fecal microbiome and metabolome profiles. Our findings support the hypothesis that higher levels of protein in infant formula and the lack of human milk oligosaccharides promote a shift toward amino acid fermentation in the gut. MFGM may play a role in shaping gut microbial activity and function.",2019,10.1038/s41598-019-47953-4,31406230,pubmed_rct_title_anchored_pairwise_omics_candidates,prior_level_3,retrieved,run_2026-07-16_randomized_multiomics_trial_batch_02/full_text_access/europepmc_pmc_xml/repository_xml/PMC6690946.xml,randomized_intervention,3,causal_evidence,,,,,,,,,,
europepmc:MED:42231964,Curcumin alleviates depression-aggravated psoriasis by targeting MMP9-regulated apoptotic pathways.,"Depression and psoriasis are highly comorbid, yet their shared molecular mechanisms remain poorly understood. Utilizing cross-sectional data from NHANES and Mendelian randomization (MR), a significant association and causal link between depression and psoriasis were established. A combined mouse model of chronic unpredictable mild stress (CUMS) and imiquimod-induced psoriasis confirmed that depressive state exacerbates psoriasis-like skin lesions. Integrated multi-omics analyses (including bulk and single-cell RNA sequencing, machine learning, and eQTL/pQTL-MR) identified apoptosis as a key shared pathway, with matrix metallopeptidase 9 (MMP9) as a central causal gene. Animal experiments confirmed MMP9 upregulation in both skin and brain tissues. Molecular docking predicted strong binding of curcumin to MMP9, and subsequent <i>in vivo</i> intervention demonstrated that curcumin downregulated MMP9 expression and alleviated both pathological conditions. These findings reveal MMP9-mediated apoptosis as a central pathological link in the comorbidity of depression and psoriasis and suggest a dual-treatment strategy for this comorbidity.",2026,10.1016/j.isci.2026.115989,42231964,europepmc_qtl_anchored_broad_mendelian_randomization; europepmc_qtl_anchored_language,prior_level_3,retrieved,full_text_access/repository_xml/PMC13224004.xml,genetic_instrument,3,causal_evidence,,,,,,,,,,
pubmed:42163256,The tissue-specific effects of glucose-lowering drug targets on aging mediated through DNA methylation: a multi-omics genetic study.,"DNA methylation plays a key role in mediating the anti-aging effects of glucose-lowering drugs. This study aims to systematically explore the potential anti-aging effects of target genes of FDA-approved glucose-lowering drugs and the underlying epigenetic mediators. We conducted a two-sample Mendelian randomization (MR) study to investigate the putative causal relationships between the gene expression levels of glucose-lowering drug targets and 10 aging-related phenotypes, followed by a two-step MR to estimate the mediation effect of DNA methylation. Drug candidates were selected according to the latest review of clinical drug use for type 2 diabetes, and their target genes were obtained from the DGIdb. Tissue-specific cis-expression quantitative trait loci (eQTLs) from GTEx Consortium were selected as genetic instruments to proxy the expression level of drug-target genes. Glycemic phenotypes were used as positive controls to validate the instruments. The cis- and trans-methylation QTLs of Cytosine-phosphate-Guanine sites near the drug target genes were obtained from GoDMC Consortium. Additionally, we performed enrichment analyses focused on tissue specificity and aging pathways to further corroborate our findings. We obtained 194 target genes interacting with 36 FDA-approved anti-diabetic drugs, of which the tissue-specific eQTLs were used to proxy the drug target effects. MR showed strong evidence that nine interacting genes of six glucose-lowering drugs showed anti-aging potential on one or more aging-related phenotypes mediated by DNA methylation: EHMT2, HSPA4, IGF2BP2, IRS1, LPL, NDUFAF1, NDUFS3, SLC22A3, and TCF7L2. These genes were distributed in 17 tissues, especially in the central nervous system, suggesting a potential neural component in their anti-aging effects. For instance, expression of EHMT2 in several brain basal ganglia regions, where the gene interacted with Tolazamide, showed a protective effect on frailty (odds ratio (OR) in caudate = 1.02, 95%CI = 1.01-1.04, FDR adjusted P = 1.69 × 10 -2 ; OR in putamen = 1.02, 95% CI = 1.01-1.03, P FDR = 3.37 × 10 -2 , OR in nucleus accumbens = 1.02, 95% CI = 1.01-1.04, P FDR = 3.37 × 10 -2 ). These associations were externally validated by searching literature evidence in existing EWAS and TWAS studies, as well as evidence from enrichment analyses. This study prioritizes nine glucose-lowering genes as anti-aging drug targets in specific tissues and prioritizes their epigenetic regulation through DNA methylation for future drug development.",2026,10.1186/s12916-026-04869-x,42163256,pubmed_multiomics_two_sample_or_bidirectional_mr_candidates,prior_level_3,retrieved,preprint_publication_access_correction_2026-07-15/openaire_route_audit_2026-07-15/bmc_pdf_retrieval/retrieved_files/10.1186_s12916-026-04869-x_reference.pdf,genetic_instrument;mediation,3,causal_evidence,,,,,,,,,,
europepmc:PPR:PPR822534,Mendelian randomized integration of GEO and eQTL data revealed genes associated with periodontitis,"<h4>Objective: </h4> With the development of genetics and epigenetics, there is increasing evidence that genetic changes influence susceptibility to periodontitis. In this study, Mendelian randomization was used in combination with multi-omics data to determine the causal effect of genes in periodontitis. Methods In this study, the RNA-seq dataset of periodontitis was downloaded from GEO database, and the differentially expressed genes in periodontitis were screened by differential analysis. The genes with significant causal relationship with periodontitis were screened by MR Analysis. Further, the differential expression of periodontitis genes and periodontitis-related genes were intersected to obtain the hub genes related to periodontitis. In addition, ROC curve, pearson correlation analysis and CIBERSORT algorithm were also used in this study to explore the efficiency of hub gene diagnosis and immune cell correlation analysis. Results Four hub genes (SELL, PLXDC2, C4A, and HSPG2) were obtained by differential expression analysis and MR Analysis in this study. Where HSPG2 (OR = 1.279, 95%CI: 1.087 to 1.504, P = 0.003) and PLXDC2 (OR = 1.259, 95%CI: 1.013 to 1.565, P = 0.038) were positively correlated with periodontitis. However, C4A (OR = 0.843 95%CI: 0.741 to 0.959, P = 0.009) and SELL (OR = 0.903, 95%CI: 0.825 to 0.989, P = 0.028) were negatively correlated with periodontitis. Pearson correlation analysis showed that hub genes were significantly correlated with immune cell infiltration. Conclusion This multi-omics integration study identifies a causal relationship between four hub genes and periodontitis and provides potential new therapeutic targets for clinical practice.",2024,10.21203/rs.3.rs-4044462/v1,,europepmc_qtl_anchored_broad_mendelian_randomization; europepmc_qtl_anchored_language,prior_level_3,retrieved,full_text_access/batch_04_pdf_retrieval_files/10.21203_rs.3.rs-4044462_v1.pdf,genetic_instrument,3,causal_evidence,,,,,,,,,,
semantic_scholar:c4d786a8f5722bc9d3fd495d0b6e2b6b1452503a,Novel therapeutic targets for major depressive disorder related to oxidative stress identified by integrative multi-omics and multi-trait study,"Oxidative stress (OS) is strongly implicated in the pathophysiology of major depressive disorder (MDD) but the molecular mechanisms remain largely unknown. The purpose of this study is to identify genes related to both OS and MDD, and further to evaluate the utility of these genes as diagnostic markers and potential treatment targets. We searched datasets related to MDD from the Gene Expression Omnibus (GEO) database for differentially expressed genes (DEGs) also related to OS according to GeneCards. Bioinformatics analyses and machine learning algorithms were used to identify hub genes mediating OS–MDD interactions. A summary data-based Mendelian randomization (SMR) approach was employed to identify possible causal genes for MDD from blood tissue eQLT data. These investigations identified 32 genes mediating OS–MDD interactions, while SMR analysis identified KCNE1 (OR = 1.057, 95%CI = 1.013–1.102, P value = 0.010), MAPK3 (OR = 1.023, 95%CI = 1.004–1.043, P value = 0.020), and STIP1 (OR = 0.792, 95%CI = 0.641–0.979, P value = 0.031) as OS-related causal genes for MDD. These genes may thus serve as useful diagnostic markers and potential therapeutic targets.",2024,10.1038/s41398-024-03126-0,39426956,semantic_scholar_strict_smr_heidi,prior_level_3,retrieved,causal_multiomics_seed_corpus/semantic_scholar_design_audit_2026-07-15/full_text_access/location_resolver_2026-07-15/pdf_url_audit/retrieved_files/10.1038_s41398-024-03126-0.pdf,genetic_instrument,3,causal_evidence,,,,,,,,,,
europepmc:MED:41741574,A genome-wide association study identifies EYA2 as a contributing gene for diabetic retinopathy in type 2 diabetes.,"<h4>Background</h4>Diabetic retinopathy (DR) is a complication of diabetes that affects the eyes. This study aims to identify the genetic variants associated with DR in type 2 diabetes (T2D) patients from the UK Biobank cohort (n = 16,988).<h4>Methods</h4>We conducted a genome-wide association study (GWAS) of DR and integrated genomic results with multi-omics data to identify and prioritize susceptibility variants and genes. The findings are set to undergo validation in four replication cohorts.<h4>Results</h4>Here we show that the lead SNP rs6066146 in EYA2 reaches genome-wide significance (p = 4.21×10<sup>-8</sup>) and is replicated in three independent cohorts. The SNP-based heritability for DR is estimated at 14.6% (standard deviation: 0.11). Colocalization analysis at the EYA2 locus suggests moderate colocalization (PP.H4 = 0.553) alongside distinct association signals for DR and T2D, and cis-Mendelian randomization (MR) within the EYA2 region provides gene-centric evidence that T2D exerts a significant causal effect on DR. Exploratory multivariable MR identifies proinsulin as a significant mediator of T2D on DR, which may partly account for the moderate evidence for colocalization. Tissue expression, chromatin interaction, and transcriptome-wide association analyses point to the spleen, while gene set analysis identifies B-cell pathways. Together, these convergent signals suggest that splenic B-cell abundance could serve as a predictive marker for DR risk.<h4>Conclusions</h4>Our study demonstrates a genomic risk locus in gene EYA2 associated with DR in type 2 diabetes, which offers deeper insights into broader trait architecture on DR.",2026,10.1038/s43856-026-01465-1,41741574,europepmc_molecular_gwas_mr_expansion; europepmc_molecular_gwas_twas_mr,prior_level_3,retrieved,full_text_access/repository_xml/PMC13046729.xml,genetic_instrument;mediation,3,causal_evidence,,,,,,,,,,
pubmed:35812739,Causal Inference of Genetic Variants and Genes in Amyotrophic Lateral Sclerosis.,"Amyotrophic lateral sclerosis (ALS) is a fatal progressive multisystem disorder with limited therapeutic options. Although genome-wide association studies (GWASs) have revealed multiple ALS susceptibility loci, the exact identities of causal variants, genes, cell types, tissues, and their functional roles in the development of ALS remain largely unknown. Here, we reported a comprehensive post-GWAS analysis of the recent large ALS GWAS ( n = 80,610), including functional mapping and annotation (FUMA), transcriptome-wide association study (TWAS), colocalization (COLOC), and summary data-based Mendelian randomization analyses (SMR) in extensive multi-omics datasets. Gene property analysis highlighted inhibitory neuron 6, oligodendrocytes, and GABAergic neurons (Gad1/Gad2) as functional cell types of ALS and confirmed cerebellum and cerebellar hemisphere as functional tissues of ALS. Functional annotation detected the presence of multiple deleterious variants at three loci (9p21.2, 12q13.3, and 12q14.2) and highlighted a list of SNPs that are potentially functional. TWAS, COLOC, and SMR identified 43 genes at 24 loci, including 23 novel genes and 10 novel loci, showing significant evidence of causality. Integrating multiple lines of evidence, we further proposed that rs2453555 at 9p21.2 and rs229243 at 14q12 functionally contribute to the development of ALS by regulating the expression of C9orf72 in pituitary and SCFD1 in skeletal muscle, respectively. Together, these results advance our understanding of the biological etiology of ALS, feed into new therapies, and provide a guide for subsequent functional experiments.",2022,10.3389/fgene.2022.917142,35812739,pubmed_graphical_methods,prior_level_4,retrieved,full_text_access/batch_02_files/10.21203_rs.3.rs-1450376_v1.pdf,genetic_instrument;colocalization,4,causal_evidence,,,,,,,,,,
europepmc:MED:40416952,A cross-tissue transcriptome-wide association study identifies novel susceptibility genes for atrial fibrillation.,"<h4>Background</h4>Atrial fibrillation (AF), the most common cardiac arrhythmia, has been linked to numerous loci identified by genome-wide association studies (GWAS). However, the causal genes and underlying mechanisms remain unclear.<h4>Methods</h4>We conducted a cross-tissue transcriptome-wide association studies (TWAS) using the unified test for molecular signatures (UTMOST), integrating genetic data from the FinnGen R11 cohort (287 805 individuals) with gene expression profiles from the genotype-tissue expression (GTEx) project. To enhance reliability, we applied functional summary-based imputation (FUSION), fine-mapping of causal gene sets (FOCUS), and multi-marker analysis of GenoMic annotation (MAGMA) for gene prioritization, followed by Mendelian randomization (MR) and colocalization analyses. GeneMANIA was used to explore gene functions.<h4>Results</h4>By integrating four TWAS approaches, this study identified five novel susceptibility genes significantly associated with AF risk. MR analysis further revealed that the gene expression levels of FKBP7, CEP68, and CAMK2D were positively associated with AF risk, while SPATS2L exhibited a significant protective effect. Colocalization analysis demonstrated that CEP68 and SPATS2L share causal variants with AF. Through comprehensive evaluation of multidimensional functional annotations and existing biological evidence, this study highlighted SPATS2L and CEP68 as potential functional candidate genes in AF pathogenesis.<h4>Conclusions</h4>This cross-tissue TWAS identified five novel AF susceptibility genes (CAMK2D, SPAST2L, CEP68, FKBP7, and SHRMOO3). Elevated expression of FKBP7, CEP68, and CAMK2D increases AF risk, while SPATS2L showed a protective effect, with colocalization analysis implicating CEP68 and SPATS2L as prioritized candidates. The integration of multi-omics approaches effectively unravels AF's genetic mechanisms.",2025,10.1002/joa3.70097,40416952,europepmc_molecular_gwas_mr_expansion; europepmc_molecular_gwas_twas_mr,prior_level_4,retrieved,full_text_access/repository_xml/PMC12099065.xml,genetic_instrument;colocalization,4,causal_evidence,,,,,,,,,,
europepmc:MED:42292642,JAK Activation Drives MED15-Associated Melanocyte Dysfunction in Vitiligo Beyond Immune Cells.,"<h4>Background</h4>Vitiligo is an autoimmune disorder characterized by selective melanocyte loss, largely driven by interferon-gamma (IFN-γ)-induced Janus kinase/signal transducers and activators of transcription (JAK-STAT) activation. While the immune aspects of JAK-STAT signaling are well-documented, its downstream transcriptional mediators within melanocytes remain incompletely understood.<h4>Methods</h4>We integrated multi-omics analyses, including cross-tissue and single-tissue transcriptome-wide association studies (TWAS), conditional and joint analysis (COJO), and summary data-based Mendelian randomization (SMR), using genome-wide association study (GWAS) data comprising 391 vitiligo cases and 465,673 controls. These were combined with single-cell RNA sequencing (scRNA-seq) data from 15 samples (10 vitiligo lesions and 5 healthy controls) and in vitro functional assays to identify causal JAK-responsive genes associated with vitiligo.<h4>Results</h4>Mediator complex subunit 15 (MED15) emerged as a robust gene associated with increased vitiligo risk (significance thresholds were set at P < 0.05, with False Discovery Rate [FDR] corrections detailed in Supplementary Data). Single-cell transcriptomic data revealed significant upregulation of MED15 in melanocytes from lesional skin, positively correlated with STAT1 expression and enrichment of the JAK-STAT pathway. Functional assays confirmed that MED15 overexpression profoundly inhibited melanocyte proliferation and suppressed intrinsic melanin synthesis, both of which were significantly reversed by JAK inhibition with Ruxolitinib. Furthermore, dual-luciferase reporter assays confirmed that MED15 is a direct transcriptional target of STAT1, governed by upstream JAK signaling.<h4>Conclusion</h4>MED15 functions as a JAK-responsive transcriptional cofactor contributing to melanocyte proliferation and melanogenesis dysfunction in vitiligo. These findings establish a direct STAT1-MED15 transcriptional axis driving melanocyte injury, offering new insights into transcriptional mechanisms and potential therapeutic targets. MED15 may represent a complementary therapeutic target alongside JAK inhibition.",2026,10.2147/ccid.s605625,42292642,europepmc_molecular_gwas_mr_expansion; europepmc_molecular_gwas_twas_mr,prior_level_4,retrieved,full_text_access/repository_xml/PMC13263179.xml,genetic_instrument;direct_perturbation,4,causal_evidence,,,,,,,,,,
europepmc:PPR:PPR110290,Summary-data-based mendelian randomisation reveals druggable targets for multiple sclerosis,"<h4>Background</h4> Multiple Sclerosis (MS) is a complex autoimmune disease caused by a combination of genetic and environmental factors. Translation of Genome-Wide Association Study (GWAS) findings in MS into therapeutics and effective preventive strategies has been limited to date. <h4>Methods</h4> We used Summary Data-Based Mendelian Randomisation (SMR) to synthesise findings from public expression quantitative trait locus (eQTL; eQTLgen and CAGE), methylation quantitative trait locus (mQTL; Lothian Birth Cohort and Brisbane Systems Genetics Study), and MS GWAS datasets (International Multiple Sclerosis Genetics Consortium). By correlating the effects of methylation on MS (M-2-MS), methylation on expression (M-2-E), and expression on MS susceptibility (E-2-MS), we prioritise genetic loci with strong evidence of causally influencing MS susceptibility. We overlay these findings onto a list of ‘druggable’ genes, i.e. genes which are currently, or could theoretically, be targeted by therapeutic compounds. We use GeNets and STRING to identify protein-protein interactions and druggable pathways enriched in our results. We extend these findings to a model of Epstein-Barr Virus-infected B cells, Lymphoblastoid Cell Lines (LCLs). We conducted a systematic review of prioritised genes using the Open Targets platform to identify completed and planned trials targeted prioritised genes in MS and related disease areas. <h4>Results</h4> Expression of 45 genes in peripheral was strongly associated with MS susceptibility (False discovery rate 0.05). Of these 45 genes, 20 encode a protein which is currently targeted by an existing therapeutic compound. These genes were enriched for Gene Ontology terms pertaining to immune system function and leukocyte signalling. We refined this prioritised gene list by restricting to loci where CpG site methylation was associated with MS susceptibility (M-2-MS), with gene expression (M-2-E), and where expression was associated with MS susceptibility (E-2-MS). This approach yielded a list of 15 prioritised druggable target genes for which there was evidence of a causal pathway linking methylation, expression, and MS. Five of these 15 genes are targeted by existing drugs (CD40, ERBB2, VEGFB, MERTK, and PARP1), and three were replicated in a smaller eQTL dataset (CD40, MERTK, and PARP1). In LCLs, SMR prioritised 7 druggable gene targets, of which only one was priortised by the multi-omic approach in peripheral blood (FCRL3). Systematic review of Open Targets revealed multiple early-phase trials targeting 13/20 prioritised genes in disorders related to MS. <h4>Conclusions</h4> We use public datasets and SMR to identify a list of prioritised druggable genetic targets in Multiple Sclerosis. We hope our findings could be translated into effective repurposing of existing drugs to provide novel therapies for MS and, potentially, provide a platform for developing preventive therapies.",2020,10.1101/2020.01.20.907451,,europepmc_qtl_anchored_broad_mendelian_randomization; europepmc_qtl_anchored_language,prior_level_4,retrieved,full_text_access/batch_04_pdf_retrieval_files/10.1101_2020.01.20.907451.pdf,genetic_instrument;mediation,4,causal_evidence,,,,,,,,,,
europepmc:MED:42443585,Genetic architecture of lung cancer revealed by common and rare variant analyses across population-scale biobanks.,"Genome-wide association studies have predominantly implicated common variants in lung cancer susceptibility, whereas the contribution of rare non-coding variation remains incompletely defined. This study comprised 52,550 cases and 1,617,173 controls across three whole-genome sequencing (WGS) cohorts (UK Biobank, the 100,000 Genomes Project, and All of Us) and five imputed genotype-array datasets aimed to identify rare non-coding determinants of lung cancer risk. Two complementary approaches were applied: position-based single-variant testing for variants with adequate allele counts, and gene-based testing aggregating rare and ultra-rare ncRNA variants to increase power. Single-variant meta-analysis identified two novel rare non-coding variants reaching sequencing-based genome-wide significance: rs763076863<sub>C22orf46</sub> at 22q13.2 [OR (95% CI): 5.94 (3.46-10.19), P = 4.55 × 10<sup>-9</sup>] and rs1014871851<sub>WWOX</sub> at 16q23.1 [OR (95% CI): 7.55 (4.50-12.67), P = 3.71 × 10<sup>-9</sup>]. Functional annotation-informed gene-based analyses prioritized 37 candidate ncRNAs using eQTL, expression, proteomics, prognosis, cis-Mendelian randomization drug-target evidence, and external replication. CLEC12A-AS1 ranked highest; multi-omics association and chain mediation analyses supported an indirect pathway linking CLEC12A-AS1 burden to lung cancer risk via modulation of CLEC12A. Collectively, results indicate contributions from both individually detectable rare variants and cumulative ultra-rare functional burden within ncRNA regions, highlighting the CLEC12A-AS1/CLEC12A axis as a potential biomarker and translational target.",2026,10.1038/s41698-026-01558-z,42443585,europepmc_qtl_anchored_broad_mendelian_randomization; europepmc_qtl_anchored_language,prior_level_4,retrieved,full_text_access/batch_07_semantic_scholar_pdf_retrieval_files/10.1038_s41698-026-01558-z.pdf,genetic_instrument,4,causal_evidence,,,,,,,,,,
europepmc:MED:39996839,"Exploring the Efficacy and Target Genes of <i>Atractylodes Macrocephala Koidz</i> Against Alzheimer's Disease Based on Multi-Omics, Computational Chemistry, and Experimental Verification.","<h4>Objective</h4>To unveil the efficacy and ferroptosis-related mechanisms of <i>Atractylodes Macrocephala Koidz</i> (AMK) against Alzheimer's disease (AD), which is the most widespread neurodegenerative disease.<h4>Methods</h4>Gene set variation analysis (GSVA) scores were used to investigate the relationship between ferroptosis and AD. Logistic regression with seven feature selections and a deep learning model were utilized to identify potential targets of AMK based on transcriptomic data from multiple tissues. A transcriptome-wide association study (TWAS), summary-data-based mendelian randomization (SMR), and mendelian randomization (MR) were utilized to validate the causal relationship between target genes and AD risk. A single-gene gene set enrichment analysis (GSEA) was employed to investigate the biological pathways associated with the target genes. Three molecular docking strategies and a molecular dynamics simulation were employed to verify the binding domains interacting with AMK. Furthermore, the anti-AD effects of AMK were validated in a zebrafish AD model by testing behavior responses, apoptosis, and the deposition of beta-amyloid (Aβ) in the brain. Ultimately, real-time qPCR was used to verify the ferroptosis-related targets, which was identified via multi-omics.<h4>Results</h4>Ferroptosis is an important pathogenic mechanism of AD, as suggested by the GSVA scores. AMK may exert its anti-AD activity through targets genes identified in the brain (<i>ATP5MC3, GOT1, SAT1, EGFR</i>, and <i>MAPK9</i>) and blood (<i>G6PD, PGD, ALOX5, HMOX1,</i> and <i>ULK1</i>). <i>EGFR</i> and <i>HMOX1</i> were further confirmed as target genes mediating the anti-AD activity of AMK through TWAS, SMR, and MR analyses. The GSEA results indicated that <i>EGFR</i> may be involved in oxidative phosphorylation-related pathways, while <i>HMOX1</i> may be associated with lysosome and phagosome pathways. The results of three molecular docking strategies and molecular dynamics simulations implied that the kinase domain of EGFR and the catalytic domain of HMOX1 played pivotal roles in the interaction between AMK and the targets. In a zebrafish model, AD-like symptoms including motor slowness and delayed responses, neuronal apoptosis, and plaque deposition in the brain, were significantly improved after AMK treatment. Accordingly, AMK reversed the abnormal expression of <i>egfra</i> and <i>hmox1a</i>, two core targets genes involved in ferroptosis.<h4>Conclusions</h4>AMK significantly alleviated AD-like symptoms through the modulation of EGFR and HMOX1, which might reduce lipid peroxidation, thereby suppressing ferroptosis. This study provided evidence supporting the efficacy and therapeutic targets associated with ferroptosis in AMK-treated AD, which aid in the development of therapeutic interventions.",2025,10.3390/cimb47020118,39996839,europepmc_molecular_gwas_mr_expansion; europepmc_molecular_gwas_twas_mr,prior_level_4,retrieved,full_text_access/repository_xml/PMC11853862.xml,genetic_instrument;direct_perturbation,4,causal_evidence,,,,,,,,,,
semantic_scholar:c6c8d3f13f2a0357212d324a1978fc2f6c014dad,The lactylation–immune regulatory axis: a potential therapeutic target for migraine prevention and treatment,"Migraine is a debilitating neurological disorder. Emerging evidence suggests that metabolic dysregulation and immune dysfunction contribute to migraine pathogenesis while the molecular mechanisms linking these processes remain unclear. Lactylation may serve as a crucial integrator of metabolic and immune signals in migraine. We performed a comprehensive multi-omics Mendelian randomization study integrating DNA methylation, gene expression, and protein abundance data with genome-wide association studies on migraine. Summary-data-based Mendelian randomization, Bayesian colocalization, and two-sample MR analyses were conducted to identify lactylation-related genes causally associated with migraine. We further explored immune cell mediation using genetic data from 731 immune phenotypes and validated findings through single-cell RNA sequencing of peripheral blood mononuclear cells from migraine patients and controls. EP300, SIRT1, and SLC16A1 were identified as key regulators of migraine susceptibility across methylation, expression, and protein levels. EP300 and SLC16A1 were associated with increased migraine risk, while SIRT1 conferred a protective effect. Mediation analyses revealed that genetic effects of these genes were partially transmitted through specific immune cell subsets, particularly B cells and natural killer T cells. Single-cell transcriptomic profiling further demonstrated EP300 upregulation in B cells and T cells of migraine patients. These findings support a novel “lactylation–immune mediation–migraine axis” linking metabolic and immune dysregulation to migraine pathogenesis. This integrative multi-omics analysis uncovers lactylation-related genes as causal drivers of migraine through immunometabolic pathways. Targeting lactylation-regulated metabolic and immune mechanisms may offer novel precision therapeutic strategies for migraine, particularly in patients with inflammatory or metabolic endophenotypes.",2025,10.1186/s10194-025-02075-3,40468199,semantic_scholar_strict_smr_heidi,prior_level_4,retrieved,causal_multiomics_seed_corpus/semantic_scholar_design_audit_2026-07-15/full_text_access/location_resolver_2026-07-15/pdf_url_audit/retrieved_files/10.1186_s10194-025-02075-3.pdf,genetic_instrument; mediation,4,causal_evidence,,,,,,,,,,
europepmc:MED:39719581,Integration of multi-omics transcriptome-wide analysis for the identification of novel therapeutic drug targets in diabetic retinopathy.,"<h4>Background</h4>Diabetic retinopathy (DR) is the most important complication of Type 2 Diabetes (T2D) in eyes. Despite its prevalence, the early detection and management of DR continue to pose considerable challenges. Our research aims to elucidate potent drug targets that could facilitate the identification of DR and propel advancements in its therapeutic strategies.<h4>Methods</h4>A broad multi-omics exploration of DR was presented to decipher the drug targets of DR and proliferative diabetic retinopathy (PDR). Transcriptome-Wide Association Studies (TWAS), fine-mapping and conditional analysis were applied to unearth potential tissue-specific gene associations with DR. Summary Data-based Mendelian Randomization (SMR) provided secondary analysis of high confidence genes. Cis-instrument of druggable genes were extracted from the eQTLGen Consortium and PsychENCODE, facilitating drug-target MR supported by colocalization analysis. Phenome-Wide Association Studies (PheWAS) was conducted on the high confidence genes. Metabolomic and immunomic MR-profiling further augmented our research as complement.<h4>Results</h4>TWAS identified multiple robust genetic loci in both DR and PDR (WFS1, RPS26, and SRPK1) through genetic associations across different tissues. Meanwhile, we have delineated both the commonalities and discrepancies between DR and PDR at the transcriptomic level, represented by DCLRE1B as the hub gene that DR progressed into PDR. SMR revealed 92 key DR-related genes and 55 PDR-related genes. HLA-DQ family genes have a frequent occurrence, while RPS26, WFS1 and SRPK1 were validated as the genetic network's linchpins. Drug-target MR casted ERBB3 and SRPK1 as candidate effector genes for DR and PDR susceptibility. In addition, metabolomics and immunomics analyses also revealed multifaceted pathogenic factors for DR.<h4>Conclusions</h4>Our research offers targeted therapeutic insights for early-stage DR and facilitates multi-omic comparisons of it and PDR.",2024,10.1186/s12967-024-05856-7,39719581,europepmc_molecular_gwas_mr_expansion; europepmc_molecular_gwas_twas_mr,prior_level_4,retrieved,full_text_access/repository_xml/PMC11667901.xml,genetic_instrument;colocalization,4,causal_evidence,,,,,,,,,,
europepmc:MED:41570284,Multi-omics analysis identifies TBCB as a therapeutic target in sepsis-induced liver injury.,"<h4>Background</h4>This study aimed to identify potential therapeutic targets for sepsis and elucidate the underlying molecular mechanisms, with a particular focus on the liver as a key target organ for experimental validation.<h4>Methods</h4>Here, two sequential studies were conducted to uncover and characterize therapeutic targets involved in sepsis-induced liver injury. In Study 1, a proteome-wide Mendelian randomization (MR) analysis was performed using protein quantitative trait loci from deCODE (n = 35 559 Icelanders), UK Biobank (n = 54 219), ARIC (n = 7213 European Americans; n = 1871 African Americans), AGES-Reykjavik (n = 5368 Icelanders), and Fenland (n = 10 708 European ancestry). These datasets were integrated with a sepsis genome-wide association study (GWAS) (FinnGen R12; n = 17 133 cases and 439 048 controls) to identify causal protein candidates. Subsequently, summary-data-based MR was performed. The analysis was based on data from eQTLGen (n = 31 684), GTEx v8 (n = 838 donors), and sepsis GWAS (FinnGen R12; UK Biobank, n = 11 643 cases/474 841 controls). Its goal was to prioritize genes concordant with protein signals. Expression of the candidate was then validated in vivo and in vitro. In Study 2, a metabolite GWAS (n = 8299) was used to investigate metabolic mediation and perform pathway enrichment analysis. Finally, potential small-molecule therapeutics predicted to modulate the prioritized target were identified.<h4>Results</h4>Integrated multi-omics analyses identified tubulin-folding cofactor B (TBCB) as a promising therapeutic target for sepsis. Quantitative analyses in both in vivo and in vitro models consistently demonstrated significant upregulation of TBCB during sepsis-induced liver injury. Functional knockdown of TBCB significantly attenuated inflammatory signaling. Mechanistically, TBCB appears to contribute to sepsis progression by modulating intracellular lipid metabolism and metabolic homeostasis. Furthermore, molecular docking and dynamics simulations predicted several small molecules for TBCB, suggesting potential therapeutic value.<h4>Conclusion</h4>This study identifies TBCB as a central regulator of sepsis pathogenesis, especially in sepsis-induced liver injury. These findings provide novel mechanistic insights and a promising therapeutic target for intervention.",2026,10.1097/js9.0000000000004770,41570284,europepmc_molecular_gwas_mr_expansion; europepmc_molecular_gwas_twas_mr,prior_level_4,retrieved,full_text_access/repository_xml/PMC13105570.xml,genetic_instrument;colocalization;direct_perturbation,4,causal_evidence,,,,,,,,,,
europepmc:MED:39741066,Association Between Autoimmune Thyroid disease and Oral Lichen Planus: A Multi-Omic Genetic Analysis.,"<h4>Objective</h4>The oral mucosa mirrors a range of latent systemic disorders, with potential clinical associations noted between autoimmune thyroid disease (AITD) and oral lichen planus (OLP). This study aims to explore the genetic relationship and underlying mechanisms mediating these conditions.<h4>Methods</h4>A 2-step Mendelian randomization (MR) analysis was conducted to elucidate the genetic relationship and mediating factors between AITD and OLP. Linkage disequilibrium score regression was employed to assess heritability and genetic correlations among phenotypes, followed by genetic colocalization analysis to discern shared genetic variants. A transcriptome-wide association study (TWAS) was also performed to pinpoint gene expression profiles.<h4>Results</h4>Genetically predicted AITD is associated with an increased risk of OLP (OR[95% CI]: 1.44[1.19,1.74], P=1.61 × 10<sup>-4</sup>), potentially mediated by hypothyroidism. There is strong evidence of colocalization between AITD and OLP, with a shared PTPN22 gene variant driving this association. TWAS further identified RNASET2 and FGFR1OP within the HLA region as high-confidence shared genes for both conditions.<h4>Conclusion</h4>Our study provides novel evidence of a possible genetic association between AITD and OLP. These findings highlight the critical role of endocrine alterations in maintaining oral immune homeostasis, though further research is warranted to validate our findings.",2025,10.1016/j.identj.2024.12.014,39741066,europepmc_molecular_gwas_mr_expansion; europepmc_molecular_gwas_twas_mr,prior_level_4,retrieved,full_text_access/repository_xml/PMC12142766.xml,genetic_instrument;mediation;colocalization,4,causal_evidence,,,,,,,,,,
semantic_scholar:8887d9a59346a3b02f898a18f974cc4b15aaf368,Unveiling cholesterol metabolism-related gene ACOX2: a multi-omics discovery of a novel biomarker in IgA nephropathy,"The role of cholesterol metabolism in IgA nephropathy (IgAN) remains poorly understood. We applied a multi-omics integrative framework to systematically identify key regulatory genes. This approach combined genome-wide association study (GWAS), summary-data-based mendelian randomization (SMR), conventional MR, Bayesian colocalization, single-cell RNA sequencing (scRNA-seq), bulk transcriptome validation, molecular docking, and molecular dynamics simulations. ACOX2 was identified as a protective hub gene. Genetic analyses revealed an inverse association between ACOX2 expression and IgAN risk (OR = 0.917, 95% CI: 0.879–0.957; PPH4 = 90.75%). scRNA-seq demonstrated the downregulation of ACOX2 in proximal tubular cells, which was further confirmed in external datasets. Molecular docking and molecular dynamics simulation suggested flavin adenine dinucleotide (FAD) as a potential therapeutic ligand targeting ACOX2. This study uncovers a cholesterol metabolism–related regulatory axis in IgAN, establishes ACOX2 as a protective biomarker, and highlights a therapeutically actionable pathway; it provides mechanistic insights and translational opportunities for biomarker development and drug discovery. This study investigates the role of cholesterol metabolism in the pathogenesis of IgA nephropathy (IgAN) using a multi-omics approach. ACOX2 was identified as a key hub gene in IgAN, with lower expression in proximal tubular cells of patients with IgAN. Mendelian randomization (MR) and colocalization analyses show a significant negative association between ACOX2 expression and IgAN risk. Flavin adenine dinucleotide (FAD) was identified as a potential therapeutic compound for IgAN, showing strong binding to ACOX2. ACOX2 may serve as a potential biomarker and therapeutic target for IgAN This study investigates the role of cholesterol metabolism in the pathogenesis of IgA nephropathy (IgAN) using a multi-omics approach. ACOX2 was identified as a key hub gene in IgAN, with lower expression in proximal tubular cells of patients with IgAN. Mendelian randomization (MR) and colocalization analyses show a significant negative association between ACOX2 expression and IgAN risk. Flavin adenine dinucleotide (FAD) was identified as a potential therapeutic compound for IgAN, showing strong binding to ACOX2. ACOX2 may serve as a potential biomarker and therapeutic target for IgAN",2026,10.1186/s41065-026-00639-0,41540492,semantic_scholar_strict_smr_heidi,prior_level_4,retrieved,causal_multiomics_seed_corpus/semantic_scholar_design_audit_2026-07-15/full_text_access/location_resolver_2026-07-15/pdf_url_audit/retrieved_files/10.1186_s41065-026-00639-0.pdf,genetic_instrument,4,causal_evidence,,,,,,,,,,
semantic_scholar:ec77ac4afdf9954e033ff9045fa373c96d95d361,Multi-omics analysis to identify susceptibility genes for colorectal cancer.,"Most genetic variants for colorectal cancer (CRC) identified in genome-wide association studies (GWAS) are located in intergenic regions, implying pathogenic dysregulations of gene expression. However, comprehensive assessments of target genes in CRC remain to be explored. We conducted a multi-omics analysis using transcriptome and/or DNA methylation data from the Genotype-Tissue Expression (GTEx), The Cancer Genome Atlas (TCGA), and the Colonomics projects. We identified 116 putative target genes for 45 GWAS-identified variants. Using summary-data-based Mendelian Randomization approach (SMR), we demonstrated that the CRC susceptibility for 29 out of the 45 CRC variants may be mediated by cis-effects on gene regulation. At a cutoff of the Bonferroni-corrected PSMR < 0.05, we determined 66 putative susceptibility genes, including 39 genes that have not been previously reported. We further performed in vitro assays for two selected genes, DIP2B and SFMBT1, and provide functional evidence that they play a vital role in colorectal carcinogenesis via disrupting cell behavior, including migration, invasion and epithelial-mesenchymal transition. Our study reveals a large number of putative novel susceptibility genes and provides additional insight into the underlying mechanisms for CRC genetic risk loci.",2021,10.1093/hmg/ddab021,33481017,semantic_scholar_strict_smr_heidi,prior_level_4,retrieved,causal_multiomics_seed_corpus/semantic_scholar_design_audit_2026-07-15/full_text_access/location_resolver_2026-07-15/openaire_route_audit_2026-07-16/html_full_text_retrieval/retrieved_html/10.1093_hmg_ddab021.html,genetic_instrument; direct_perturbation,4,causal_evidence,,,,,,,,,,
europepmc:MED:42346358,Genetically Informed Single-Cell Analysis Reveals &lt;i&gt;PLXND1&lt;/i&gt; as a Cell-Type-Specific Molecular Switch in MASLD.,"<b>Background/Objectives:</b> Metabolic dysfunction-associated steatotic liver disease (MASLD) is a systemic disorder driven by genetic predisposition, epigenetic programming, metabolic rewiring, and immune dysregulation. Although population genetics and single-cell transcriptomics have advanced our understanding, the multi-omic causal architecture of MASLD at cellular resolution remains poorly defined. This study aimed to establish an integrative framework linking genetic causality to cell-type-specific tissue dysfunction. <b>Methods:</b> Multi-layered Mendelian randomization (MR) and summary-data-based MR (SMR) across large-scale eQTL and pQTL datasets were applied to prioritize causal genes. Single-cell eQTL-based MR across 14 immune lineages generated cell-type-specific causal hypotheses, which were validated using human hepatic single-cell RNA-sequencing data (GSE136103). Two-step mediation MR quantified upstream epigenetic and downstream metabolic mechanisms. A high-fat diet (HFD)-induced murine model provided organismal validation. <b>Results:</b> Multi-layered MR nominated <i>PLXND1</i> as a robust causal driver of MASLD. Single-cell eQTL-based MR revealed a functional dichotomy: <i>PLXND1</i> upregulation in CD8<sup>+</sup> effector memory T-cells decreased MASLD risk (OR = 0.486, 95% CI: 0.290-0.813, <i>p</i> = 0.006), whereas upregulation in natural killer cells (OR = 1.567, 95% CI: 1.337-1.837, <i>p</i> < 0.001), non-classical monocytes, and dendritic cells increased risk. Human hepatic single-cell transcriptomics confirmed that <i>PLXND1</i> marks an anti-fibrotic, IFNG-high CD8<sup>+</sup> T subset and a pro-inflammatory lipid-associated macrophage (LAM) population. Mediation MR identified DNA methylation at cg26767922 and cg08471739 as protective mediators acting predominantly via <i>PLXND1</i> downregulation (92.39% and 64.50% mediation, respectively), and linked <i>PLXND1</i> to six circulating metabolites. HFD mice showed significant hepatic <i>PLXND1</i> upregulation. <b>Conclusions:</b><i>PLXND1</i> functions as a lineage-dependent molecular switch in MASLD, validated across genetic, epigenetic, metabolic, and single-cell dimensions. These findings caution against systemic <i>PLXND1</i> blockade and support precision therapeutic strategies targeting hepatic innate immune cells.",2026,10.3390/metabo16060378,42346358,europepmc_qtl_anchored_broad_mendelian_randomization; europepmc_qtl_anchored_language,prior_level_4,retrieved,full_text_access/batch_06_browser_access_assessment.md,genetic_instrument;mediation,4,causal_evidence,,,,,,,,,,
europepmc:MED:36871617,Large-scale genomic and transcriptomic analyses elucidate the genetic basis of high meat yield in chickens.,"<h4>Introduction</h4>Investigating the genetic markers and genomic signatures related to chicken meat production by combing multi-omics methods could provide new insights into modern chicken breeding technology systems.<h4>Object</h4>Chicken is one of the most efficient and environmentally friendly livestock, especially the fast-growing white-feathered chicken (broiler), which is well known for high meat yield, but the underlying genetic basis is poorly understood.<h4>Method</h4>We generated whole-genome resequencing of three purebred broilers (n = 748) and six local breeds/lines (n = 114), and sequencing data of twelve chicken breeds (n = 199) were obtained from the NCBI database. Additionally, transcriptome sequencing of six tissues from two chicken breeds (n = 129) at two developmental stages was performed. A genome-wide association study combined with cis-eQTL mapping and the Mendelian randomization was applied.<h4>Result</h4>We identified > 17 million high-quality SNPs, of which 21.74% were newly identified, based on 21 chicken breeds/lines. A total of 163 protein-coding genes underwent positive selection in purebred broilers, and 83 genes were differentially expressed between purebred broilers and local chickens. Notably, muscle development was proven to be the major difference between purebred broilers and local chickens, or ancestors, based on genomic and transcriptomic evidence from multiple tissues and stages. The MYH1 gene family showed the top selection signatures and muscle-specific expression in purebred broilers. Furthermore, we found that the causal gene SOX6 influenced breast muscle yield and also related to myopathy occurrences. A refined haplotype was provided, which had a significant effect on SOX6 expression and phenotypic changes.<h4>Conclusion</h4>Our study provides a comprehensive atlas comprising the typical genomic variants and transcriptional characteristics for muscle development and suggests a new regulatory target (SOX6-MYH1s axis) for breast muscle yield and myopathy, which could aid in the development of genome-scale selective breeding aimed at high meat yield in broiler chickens.",2024,10.1016/j.jare.2023.02.016,36871617,europepmc_qtl_anchored_broad_mendelian_randomization; europepmc_qtl_anchored_language,prior_level_4,retrieved,full_text_access/repository_xml/PMC10770282.xml,genetic_instrument,4,causal_evidence,,,,,,,,,,
pubmed:31296738,Effects of microbiota-directed foods in gnotobiotic animals and undernourished children.,"To examine the contributions of impaired gut microbial community development to childhood undernutrition, we combined metabolomic and proteomic analyses of plasma samples with metagenomic analyses of fecal samples to characterize the biological state of Bangladeshi children with severe acute malnutrition (SAM) as they transitioned, after standard treatment, to moderate acute malnutrition (MAM) with persistent microbiota immaturity. Host and microbial effects of microbiota-directed complementary food (MDCF) prototypes targeting weaning-phase bacterial taxa underrepresented in SAM and MAM microbiota were characterized in gnotobiotic mice and gnotobiotic piglets colonized with age- and growth-discriminatory bacteria. A randomized, double-blind controlled feeding study identified a lead MDCF that changes the abundances of targeted bacteria and increases plasma biomarkers and mediators of growth, bone formation, neurodevelopment, and immune function in children with MAM.",2019,10.1126/science.aau4732,31296738,pubmed_rct_title_anchored_pairwise_omics_candidates,prior_level_4,retrieved,run_2026-07-16_randomized_multiomics_trial_batch_01/full_text_access/europepmc_pmc_xml/repository_xml/PMC6683325.xml,randomized_intervention; direct_perturbation,4,causal_evidence,,,,,,,,,,
europepmc:MED:34207686,Epigenome-Wide Study Identified Methylation Sites Associated with the Risk of Obesity.,"Here, we performed a genome-wide search for methylation sites that contribute to the risk of obesity. We integrated methylation quantitative trait locus (mQTL) data with BMI GWAS information through a SNP-based multiomics approach to identify genomic regions where mQTLs for a methylation site co-localize with obesity risk SNPs. We then tested whether the identified site contributed to BMI through Mendelian randomization. We identified multiple methylation sites causally contributing to the risk of obesity. We validated these findings through a replication stage. By integrating expression quantitative trait locus (eQTL) data, we noted that lower methylation at cg21178254 site upstream of <i>CCNL1</i> contributes to obesity by increasing the expression of this gene. Higher methylation at cg02814054 increases the risk of obesity by lowering the expression of <i>MAST3</i>, whereas lower methylation at cg06028605 contributes to obesity by decreasing the expression of <i>SLC5A11</i>. Finally, we noted that rare variants within 2p23.3 impact obesity by making the cg01884057 site more susceptible to methylation, which consequently lowers the expression of <i>POMC</i>, <i>ADCY3</i> and <i>DNAJC27</i>. In this study, we identify methylation sites associated with the risk of obesity and reveal the mechanism whereby a number of these sites exert their effects. This study provides a framework to perform an omics-wide association study for a phenotype and to understand the mechanism whereby a rare variant causes a disease.",2021,10.3390/nu13061984,34207686,europepmc_qtl_anchored_broad_mendelian_randomization; europepmc_qtl_anchored_language,prior_level_4,retrieved,full_text_access/repository_xml/PMC8229089.xml,genetic_instrument;mediation,4,causal_evidence,,,,,,,,,,
europepmc:PPR:PPR613294,Causal relationships between genetically predicted circulating levels of amino acids and non-alcoholic fatty liver disease risk: a Mendelian randomisation study,"<h4>Background</h4> Emerging metabolomics-based studies suggested links between amino acids metabolism and non-alcoholic fatty liver disease (NAFLD) risk, however, whether there exists an aetiological role of amino acid metabolism in NAFLD development remains unknown. The aim of the present study was to assess the causal relationship between circulating levels of amino acids and NAFLD risk. <h4>Methods</h4> We performed two-sample Mendelian randomisation (MR) analyses using summary level data from genome-wide association studies (GWAS) to assess causal relationships between genetically predicted circulating levels of amino acids and NAFLD risk. Data from the largest GWAS on NAFLD (8,434 cases and 770,180 controls) were used in discovery MR analysis, and from a GWAS on NAFLD (1,483 cases and 17,781 controls) where NAFLD cases were diagnosed using liver biopsy, were used in replication MR analysis. Wald ratios or multiplicative random-effect inverse variance weighted (IVW) methods were used in the main MR analysis, and weighted median and MR-Egger regression analysis were used in sensitivity analyses. We additionally performed an MR conservative analysis by restricting genetic instruments to those directly involved in amino acid metabolism pathways. <h4>Findings</h4> We found that genetically predicted higher alanine (OR=1.45, 95% CI 1.15-1.83) and lower glutamine (OR = 0.81, 95% CI 0.66-1.00) levels were associated with a higher risk of developing NAFLD. Results from MR sensitivity analyses and conservative analysis supported the main findings. <h4>Interpretation</h4> Genetically predicted higher circulating levels of alanine was associated with an increased risk of NAFLD, whereas higher glutamine was associated with a decreased risk of NAFLD. <h4>Funding</h4> This work was supported by Xinhua Hospital, Shanghai Jiao Tong University School of Medicine (2021YJRC02). <h4>Research in context</h4> <h4>Evidence before this study</h4> Recent metabolomics studies revealed associations between circulating levels of several amino acids and non-alcoholic fatty liver disease (NAFLD) risk. Most of these studies were conducted with a focus on the profiling of amino acids between individuals with NAFLD and healthy subjects, which suggested the altered amino acid metabolism might be a consequence of NAFLD rather than a causal risk factor for NAFLD. We searched PubMed for studies in any language using the search terms “amino acids” AND “Non-alcoholic fatty liver disease OR NAFLD OR fatty liver” AND “Mendelian randomisation OR Mendelian randomization”, and found few studies on the causal effects of circulating amino acids on NAFLD risk. Thus, whether there is an aetiological role of amino acids in NAFLD development remains unknown. <h4>Added value of this study</h4> In the present study, we systematically investigated the causal effects of genetically predicted circulating levels of 20 amino acids on NAFLD risk using data from large-scale genome-wide association studies in up to 778,614 individuals of European ancestry. We utilised a state-of-art causal inference approach, that is Mendelian randomisation, to construct layers of evidence. Overall, we found that among 20 amino acids, genetically predicted higher circulating levels of alanine was associated with an increased risk of NAFLD, whereas higher glutamine was associated with a decreased risk of NAFLD. <h4>Implications of all the available evidence</h4> Our study is the first to systematically assess the causal relationships between levels of plasma amino acids and the development of NAFLD using multi-omics (i.e., genomic and metabolomic) data from large-scale human studies. Our results suggest the potential for the glutamine supplementation or alanine depletion for personalized nutrition in NAFLD prevention and treatment.",2023,10.1101/2023.02.03.23285451,,europepmc_direct_two_sample_or_bidirectional_mr; europepmc_direct_design,prior_level_4,retrieved,full_text_access/batch_02_files/10.1101_2023.02.03.23285451.pdf,genetic_instrument,4,causal_evidence,,,,,,,,,,
semantic_scholar:91dd19969c20e2bb731700d71a16f6020878c9c6,Multi-omics Mendelian randomization revealing SEMA7A as potential drug target for facial skin aging,"The study of facial skin aging has attracted significant attention not only for its esthetic implications but also for its potential to shed light on the mechanisms underlying the development of age-related diseases. The purpose of this research was to systematically investigate potential drug targets for facial skin aging through multi-omics genetic methods. We utilized expression quantitative trait loci (eQTLs) and protein quantitative trait loci (pQTLs) as instruments to explore the therapeutic potential for facial skin aging. This was supplemented with transcriptome analysis and in vitro experiments, including siRNA knockdown in human HaCaT and NIH 3T3 cells, which confirmed the genetic results. Additionally, we conducted two-sample Mendelian randomization (MR) to investigate the causal effect of facial aging on skin neoplasms and performed metabolome-wide MR to screen for metabolic biomarkers associated with facial aging. Through integrated analysis of eQTLs and colocalization, five potential druggable genes were identified, including BRSK2, IL20RB, NEK10, RAB35, and SEMA7A. Of these, SEMA7A showed strong evidence with facial skin aging through subsequent pQTL and colocalization analysis. Additionally, genetically determined facial skin aging exhibited a significant causal effect on basal cell carcinoma (BCC) (OR = 3.973, 95% CI: 1.284, 12.290, p = 0.016 [inverse-variance weighted, IVW]), while no causal effect was found on malignant melanoma and squamous cell carcinoma. Subsequent transcriptome and in vitro experiment suggested that SEMA7A played an important role in the pathogenesis of skin aging. The metabolome-wide MR identified several circulating metabolic traits as biomarkers for facial skin aging, implicating lipoprotein subfractions (HDL, LDL, and VLDL) and fatty acid profiles. This study demonstrates the genetic significance of targeting SEMA7A for facial skin aging, providing new insights into the disease mechanism and aiding the development of future drug therapies.",2026,10.1186/s40537-025-01355-8,,semantic_scholar_qtl_mr,prior_level_4,retrieved,causal_multiomics_seed_corpus/semantic_scholar_design_audit_2026-07-15/full_text_access/location_resolver_2026-07-15/pdf_url_audit/retrieved_files/10.1186_s40537-025-01355-8.pdf,genetic_instrument; direct_perturbation,4,causal_evidence,,,,,,,,,,
europepmc:MED:42157922,Cathepsin H drives hypoxia-associated inflammatory and angiogenic programs in diabetic retinopathy and represents a potential therapeutic target.,"Diabetic retinopathy (DR) arises from intertwined inflammatory, metabolic, and hypoxia-driven angiogenic programs, yet upstream regulators coordinating these processes remain incompletely defined. Here, we used an integrative multi-omics and experimental framework to identify cathepsin H (CTSH) as a candidate causal driver of proliferative DR (PDR). By combining GWAS, eQTL, pQTL, and mQTL datasets with Mendelian randomization, summary-data-based Mendelian randomization, and Bayesian colocalization, CTSH emerged as the strongest genetically supported candidate across discovery and validation analyses. In the UK Biobank (UKB), circulating CTSH was elevated in diabetic retinopathy and independently predicted incident disease. Single-cell transcriptomic analyses localized CTSH predominantly to myeloid compartments within fibrovascular membranes and linked CTSH-high states to inflammatory, hypoxic, and angiogenic programs. In high-glucose-stimulated THP-1 monocytes, CTSH promoted reactive oxygen species accumulation, NF-κB activation, and increased IL-6, TNF-α, HIF-1α, and VEGF expression, whereas CTSH silencing reversed these effects. Structure-guided virtual screening identified Eriocitrin as a lead CTSH-binding candidate. In db/db mice, intravitreal Eriocitrin improved inner-retinal function, restored OCTA-derived vascular metrics, and partially rescued retinal structure, with efficacy comparable to anti-VEGF treatment across several endpoints. Molecular analyses further showed coordinated suppression of inflammatory, hypoxic, angiogenic, and NF-κB signaling. Together, these findings identify CTSH as an upstream immunometabolic regulator of DR-related inflammatory and angiogenic biology, with the strongest genetic support observed for PDR, and support CTSH targeting as a potential multi-pathway therapeutic strategy beyond VEGF inhibition.",2026,10.7150/ijbs.134125,42157922,europepmc_qtl_anchored_broad_mendelian_randomization; europepmc_qtl_anchored_language,prior_level_4,retrieved,full_text_access/repository_xml/PMC13182238.xml,genetic_instrument;mediation,4,causal_evidence,,,,,,,,,,
europepmc:PPR:PPR982825,Integrated multi-omics analyses reveal causal insights into the molecular landscape of urologic cancers,"<title>Abstract</title> <p>Background Urologic cancers continue to present an ongoing challenge to human health, underscoring the necessity for a systematic exploration of their underlying mechanisms. Hence, we employed a multi-omics Mendelian randomization (MR) approach to infer potential pathogenic genes and unravel the associated mechanisms. Methods Genome-wide association study (GWAS) summary statistics on urologic cancers, along with expression quantitative trait loci (QTLs), DNA methylation QTLs, and protein QTLs were employed for summary data-based MR (SMR), colocalization, and transcriptome-wide association study (TWAS) analysis to identify putative causal genes. Additionally, metabolites GWAS summary statistics from both blood and urine were analyzed by two-sample MR method to uncover potential relationships with the risk of urologic cancers. Results A total of 15 genes from blood were identified related to prostate cancer (PCa) risk using SMR, colocalization, and TWAS analysis, with C10orf32, MARVELD1, UHRF1BP1, and POLI were being replicated in tissue SMR analysis. Additionally, 15 genes were prioritized as potential causal genes with their methylation regulatory, encompassing both well-established genes (NSUN4, FAAH, and SIK2) as well as novel candidates, such as HAAO, and UHRF1BP1. Furthermore, four metabolites, including phenyllactate, N-lactoyl phenylalanine, indolelactate, and adenosine 3',5'-cyclic monophosphate, were positively associated with PCa risk. For bladder cancer, its risk was associated with the expression variation of GSTM1, BTNL8, and BTNL9 and PSCA methylation. Conclusion This integrative approach not only enhances our understanding of the complex molecular landscape underlying urologic cancers but also opens up new avenues for future precision medicine and personalized treatment strategies.</p>",2025,10.21203/rs.3.rs-6043857/v1,,europepmc_molecular_gwas_mr_expansion; europepmc_molecular_gwas_twas_mr,prior_level_4,retrieved,full_text_access/batch_04_files/10.21203_rs.3.rs-6043857_v1.pdf,genetic_instrument;colocalization,4,causal_evidence,,,,,,,,,,
semantic_scholar:3d704314239c9ce210bc18e4ef0e5d07ea2c0b33,Adolescent multi-omics and Mendelian randomization reveal transdiagnostic molecular mechanisms in psychiatric disorders,"The biological mechanisms underlying major neuropsychiatric disorders remain largely elusive. Given the frequent association of immune dysregulation with these conditions, we used blood-derived multi-omics data from 1,274 healthy adolescents in the IMAGEN cohort to identify transdiagnostic biomarkers and mechanisms that could inform diagnosis and treatment. We first conducted genome-wide analyses to identify single nucleotide polymorphisms associated with DNA methylation and gene expression, with findings replicated in external datasets. These quantitative trait loci were further explored through Mendelian randomization analyses across 6 neuropsychiatric disorders (attention deficit hyperactivity disorder, autism spectrum disorder, bipolar disorder, major depressive disorder, schizophrenia and insomnia), leading to the identification of 73 putatively causal CpG sites and 62 genes that were either unique to individual disorders or, as in the case of MRPL2 , shared among the disorders. Notably, the identified genes were significantly enriched in pathways linked to both psychiatric and autoimmune diseases, suggesting a shared genomic architecture between autoimmune and neuropsychiatric disorders. Two-step Mendelian randomization and colocalization analyses revealed potential transdiagnostic regulatory pathways, in which the expression of three genes ( MAD1L1 , MRPL2 and HLA-DRB1 ) mediated the effects of CpG methylation on schizophrenia and insomnia. Specifically, DNA methylation at cg06770790 repressed MRPL2 , which was putatively causal for insomnia ( β = −0.38, P = 1.29 × 10 −4 ) and schizophrenia ( β = −0.38, P = 1 × 10 −4 ). Conversely, increased expression of MAD1L1 and HLA-DRB1 , driven by methylation at several CpG sites, was potentially causal for schizophrenia. Our findings highlight key molecular mechanisms and genes implicated in neuropsychiatric disorders, offering promising new targets for therapeutic intervention.",2026,10.1038/s44220-026-00660-2,,semantic_scholar_formal_mediation,prior_level_4,retrieved,causal_multiomics_seed_corpus/semantic_scholar_design_audit_2026-07-15/full_text_access/semantic_scholar_oa_url_audit/retrieved_files/10.1038_s44220-026-00660-2.pdf,genetic_instrument; mediation,4,causal_evidence,,,,,,,,,,
europepmc:PPR:PPR804547,Spatial Multi-Omics Connect SHROOM3 and COL18A1 in Chronic Kidney Disease,"Shroom Family Member 3 ( SHROOM3) encodes an actin-binding protein that impacts kidney development. Genome-wide association studies (GWAS) identified CKD-associated common variants around SHROOM3 and Shroom3 knock-out mice develop glomerular abnormalities. We sought to evaluate the impact of genetically predicted SHROOM3 expression on kidney traits and the circulating proteome, and validate findings in a mouse model. Genetic instruments for SHROOM3 expression in distinct kidney compartments (glomerular n=240, tubulointerstitial n=311) were constructed using single cell sequencing data from NephQTL2. Using two-sample Mendelian randomization, we evaluated the effects of glomerular and tubulointerstitial SHROOM3 expression on kidney traits and the concentration of 1,463 plasma proteins in the UK Biobank and CKDGen Consortium. Genetically predicted tubulointerstitial SHROOM3 expression colocalized with the genetic signals for eGFR and albuminuria. A 34% reduction in genetically predicted tubulointerstitial SHROOM3 expression was associated with a 0.3% increase in cross-sectional eGFR ( P = 6.8×10 -4 ), a 1.5% increase in albuminuria ( P = 0.01), and a 2.2% reduction in plasma COL18A1 concentration ( P = 1.2×10 -5 ). In contrast, genetically predicted glomerular SHROOM3 expression showed neither colocalization nor significant Mendelian randomization results. Using immunofluorescence, heterozygous Shroom3 knockout mice had a concordant reduction of Col18a1 in their kidneys, primarily around the tubules. Thus, reduced tubulointerstitial SHROOM3 expression, but not glomerular, is associated with increased cross-sectional eGFR, increased uACR, and reduced plasma COL18A1 and Shroom3 knockout leads to reduced kidney Col18a1, agnostically linking SHROOM3 and COL18A1 in CKD pathogenesis. <h4>Lay Summary</h4> The SHROOM3 gene is consistently linked to kidney disease, but we have yet to fully understand why. We looked at how genetic changes affecting SHROOM3 impact different regions of the kidney. We found that less SHROOM3 in kidney tubules led to increased kidney filtration, but also increased leakage of protein into the urine. After looking at over 1000 proteins, we identified a new link between SHROOM3 and a collagen protein called COL18A1. We then confirmed the link between SHROOM3 and COL18A1 by imaging the kidneys of mice designed to have less SHROOM3. Our results suggest an interaction of SHROOM3 and COL18A1 leads to increased pressure on the kidney filtration system.",2024,10.1101/2024.02.09.24301246,,europepmc_direct_two_sample_or_bidirectional_mr; europepmc_direct_design,prior_level_4,retrieved,full_text_access/batch_01_files/10.1101_2024.02.09.24301246.pdf,genetic_instrument,4,causal_evidence,,,,,,,,,,
europepmc:PPR:PPR1021548,Genetic and Epigenetic Regulation of Inflammatory Genes Drives Calcific Aortic Valve Disease (CAVD),"<h4>Introduction</h4> Calcific aortic valve disease (CAVD) is the most common valvular disorder in older adults, characterized by progressive fibrosis, calcification, and impaired blood flow. Despite its growing burden, no effective pharmacological treatments exist. Inflammation and epigenetic dysregulation are increasingly recognized as central to CAVD pathogenesis. This study aimed to identify key inflammatory genes and regulatory mechanisms contributing to disease development. <h4>Methods</h4> We performed a meta-analysis of aortic valve transcriptomic datasets, focusing on inflammation-related genes, to identify differentially expressed genes (DEGs) in CAVD. Blood-derived expression quantitative trait loci (eQTL) and DNA methylation QTL (mQTL) data were integrated with CAVD genome-wide association study (GWAS) results (FinnGen database) using a three-step summary data-based Mendelian randomization (SMR) framework. Additionally, we combined aortic eQTL data and inflammatory mediator GWAS to assess tissue-specific regulatory interactions through SMR and co-localization analyses. <h4>Results</h4> Fifty-seven inflammation-related DEGs were identified, enriched in immune cells from patients with CAVD. Multi-omics integration prioritized nine causal genes in blood, including PPARG, TLR2, LTA, TNF, C4A, IL6, RELA, C3, and TGFβ1. Among these, TNF and TGFβ1 were strongly associated with increased CAVD risk. In aortic tissue, SMR and co-localization analyses revealed TLR2, C4A, and AGER as key genes linked to inflammatory pathways, highlighting a potential gene-immune axis in disease progression. <h4>Conclusions</h4> Our integrative multi-omics analysis reveals that calcific aortic valve disease (CAVD) is driven by genetically and epigenetically regulated inflammatory pathways. We identify TNF and TGFβ1 as epigenetically controlled causal drivers, while AGER, C4A, and TLR2 emerge as tissue-specific mediators of aortic inflammation. These findings establish a causal link between immune dysregulation and CAVD pathogenesis, highlighting promising targets for biomarker development and precision therapies aimed at interrupting disease progression.",2025,10.1101/2025.05.15.25327710,,europepmc_qtl_anchored_broad_mendelian_randomization; europepmc_qtl_anchored_language,prior_level_4,retrieved,full_text_access/batch_04_pdf_retrieval_files/10.1101_2025.05.15.25327710.pdf,genetic_instrument;mediation,4,causal_evidence,,,,,,,,,,
