canonical_id,title,abstract,year,doi,pmid,lanes,sampling_stratum,prior_title_abstract_decision,prior_title_abstract_exclusion_reason,prior_final_study_label,prior_causal_evidence_level,expert_report_type,expert_bio_health_scope,expert_multiomics_status,expert_identification_status,expert_design_families,expert_canonical_positive,expert_expected_decision,expert_exclusion_code,expert_uncertainty_reason,expert_notes
pubmed:42363551,Genetic evidence that advanced COVID-19 accelerates longitudinal brain atrophy: A Mendelian randomization study.,"Coronavirus disease 2019 (COVID-19) was reported to persist long-term in the brain and leave several long-term neurologic sequelae. However, the causal relationship between COVID-19 and brain aging is still unknown. The genome-wide association study (GWAS) data on COVID-19 phenotypes (susceptibility, hospitalization, and severity), involving a total of 5,779,391 participants, were collected from the COVID-19 Host Genetics Initiative. In addition, GWAS data on longitudinal changes in 15 brain structures, assessed via magnetic resonance imaging across the lifespan, were sourced from the ENIGMA Consortium and involved 15,640 participants. Two-sample Mendelian randomization was conducted to infer the causal relationship between COVID-19 and longitudinal brain changes. Multi-trait GWAS meta-analysis, colocalization, and fine-mapping analyses were performed to identify shared genetic etiologies. H3K27me3 ChIP-seq was used to evaluate the regulatory effect of colocalized loci. Two-step Mendelian randomization was applied to explore potential mediating mechanisms across multi-omics layers, including proteomics, metabolomics, and immunomics. Our results showed that COVID-19 hospitalization (β = -262.405, P = .041) and severity (β = -177.676, P = .049) were genetically associated with atrophied volume of total brain during longitudinal change. This suggests that individuals with advanced COVID-19 may be more susceptible to accelerated global brain aging. Caudate was genetically affected by all COVID-19 phenotypes. Seven variants were shared between advanced COVID-19 and global brain aging. rs117169628 was colocalized between advanced COVID-19 and global brain aging, and exerted an inhibitory effect on CDH15 expression, further strengthening the causality. Six metabolites, 1 protein, and 1 immune trait were identified as potential mediators. Our study indicates that advanced COVID-19 might be genetically associated with accelerated brain aging. Brain health should be paid more attention in long COVID-19.",2026,10.1097/md.0000000000049310,42363551,pubmed_genetic_instruments; pubmed_multiomics_formal_mediation_candidates; pubmed_multiomics_two_sample_or_bidirectional_mr_candidates,candidate_levels_2_to_4,seek_full_text,,pending,pending,,,,,,,,,,
pubmed:40663565,Bayesian network imputation methods applied to multi-omics data identify putative causal relationships in a type 2 diabetes dataset containing incomplete data: An IMI DIRECT Study.,"Here we report the results from exploratory analysis using a Bayesian network approach of data originally derived from a large North European study of type 2 diabetes (T2D) conducted by the IMI DIRECT consortium. 3029 individuals (795 with T2D and 2234 without) within 7 different study centres provided data comprising genotypes, proteins, metabolites, gene expression measurements and many different clinical variables. The main aim of the current study was to demonstrate the utility of our previously developed method to fit Bayesian networks by performing exploratory analysis of this dataset to identify possible causal relationships between these variables. The data was analysed using the BayesNetty software package, which can handle mixed discrete/continuous data with missing values. The original dataset consisted of over 16,000 variables, which were filtered down to 260 variables for analysis. Even with this reduction, no individual had complete data for all variables, making it impossible to analyse using standard Bayesian network methodology. However, using the recently proposed novel imputation method implemented in BayesNetty we computed a large average Bayesian network from which we could infer possible associations and causal relationships between variables of interest. Our results confirmed many previous findings in connection with T2D, including possible mediating proteins and genes, some of which have not been widely reported. We also confirmed potential causal relationships with liver fat that were identified in an earlier study that used the IMI DIRECT dataset but was limited to a smaller subset of individuals and variables (namely individuals with complete data at pre-defined variables of interest). In addition to providing valuable confirmation, our analyses thus demonstrate a proof-of-principle of the utility of the method implemented within BayesNetty. The full final average Bayesian network generated from our analysis is freely available and can be easily interrogated further to address specific focussed scientific questions of interest.",2025,10.1371/journal.pgen.1011776,40663565,pubmed_causal_model_effect_pathway; pubmed_graphical_methods,candidate_levels_2_to_4,seek_full_text,,pending,pending,,,,,,,,,,
pubmed:42110542,AI-driven network pharmacology and multi-omics validation identify KCNH2 as a prognostic biomarker and candidate therapeutic vulnerability of Acorus tatarinowii in glioblastoma.,"Glioblastoma (GBM) remains a highly aggressive malignancy with limited effective therapeutic options. Integrating traditional medicine resources with artificial intelligence-based analytical strategies may accelerate the identification of novel biomarkers and drug targets. We applied a network pharmacology framework to screen bioactive compounds of Acorus tatarinowii and identify intersecting targets with GBM-related genes. LASSO Cox regression was performed in TCGA-GBM to construct a prognostic model. Multi-omics analyses, including transcriptomic validation, CPTAC proteomics, copy-number alteration profiling, mutation landscape characterization, immune infiltration assessment, and pharmacogenomic correlation analysis, were conducted to prioritize key targets. Functional experiments based on genetic perturbation of KCNH2, including colony formation, CCK-8 proliferation, wound-healing, apoptosis assays, mitochondrial membrane potential measurement, and xenograft models, were performed to evaluate its biological effects. Twenty-five intersecting targets were identified, and an eight-gene LASSO signature demonstrated favorable prognostic performance. Among these genes, KCNH2 showed consistent transcriptomic upregulation, proteomic validation, association with genomic instability, immune modulation patterns, and drug sensitivity correlations. Functional assays confirmed that KCNH2 silencing suppressed proliferation and migration-associated behavior while inducing mitochondria-dependent apoptosis in GBM cells. In vivo , KCNH2 knockdown significantly inhibited tumor growth. This integrative AI-driven and multi-omics strategy identifies KCNH2 as a biologically relevant and translationally informative candidate target potentially linked to the anti-glioma effects of Acorus tatarinowii. These findings highlight the value of combining traditional medicine resources with computational prioritization and experimental validation to uncover biologically actionable mechanisms in GBM.",2026,10.3389/fphar.2026.1811032,42110542,pubmed_multiomics_title_specific_perturbation_candidates,candidate_levels_2_to_4,seek_full_text,,pending,pending,,,,,,,,,,
pubmed:42338588,Multi-omics analysis of kidney renal cell carcinoma in silico with preliminary in vivo validation.,"Kidney renal clear cell carcinoma (KIRC) has a poor clinical prognosis, and its tumor progression and immunotherapy response are closely associated with genomic aberrations and immune microenvironment disorders. This study aimed to identify key prognostic biomarkers and potential therapeutic targets for KIRC via multi-omics integrative analysis and preliminary experimental validation. Multi-omics data including transcriptome, methylation, copy number variation (CNV), and immune infiltration data of KIRC were integrated from public databases, and further validated by single-cell RNA sequencing (scRNA-seq), two-sample Mendelian randomization (TSMR), in silico gene knockout, and quantitative PCR (qPCR). Results demonstrated that CRHBP was a core downregulated prognostic biomarker in KIRC, with stage-dependent low expression and favorable survival predictive value (OS HR = 0.42, 95%CI: 0.395-0.45, P<0.05). ScRNA-seq revealed a compartmentalized CRHBP expression pattern and its differential regulation by immune checkpoint blockade (ICB) treatment and gender. TSMR confirmed the causal risk effect of testicular-derived UCN2 on KIRC, and UCN2 negatively correlated with tumor angiogenesis and hypoxia. Molecular docking screened dabrafenib as a promising candidate drug targeting CRHBP/UCN2 (binding affinity: -11.55/-17.23 kcal/mol). In silico knockout of CRHBP altered SRGN/TYROBP expression and inhibited cytokine production. QPCR verified decreased CRHBP expression in human KIRC tissues and elevated UCN2 expression in mouse KIRC tissues. The CRHBP-UCN2 axis critically regulates KIRC prognosis and immune microenvironment remodeling. CRHBP serves as a reliable prognostic biomarker and a potential anticancer peptide target, while dabrafenib is a promising therapeutic agent for KIRC.",2026,10.3389/fimmu.2026.1732965,42338588,pubmed_multiomics_two_sample_or_bidirectional_mr_candidates,candidate_levels_2_to_4,seek_full_text,,pending,pending,,,,,,,,,,
pubmed:31406230,Fecal microbiome and metabolome of infants fed bovine MFGM supplemented formula or standard formula with breast-fed infants as reference: a randomized controlled trial.,"Human milk delivers an array of bioactive components that safeguard infant growth and development and maintain healthy gut microbiota. Milk fat globule membrane (MFGM) is a biologically functional fraction of milk increasingly linked to beneficial outcomes in infants through protection from pathogens, modulation of the immune system and improved neurodevelopment. In the present study, we characterized the fecal microbiome and metabolome of infants fed a bovine MFGM supplemented experimental formula (EF) and compared to infants fed standard formula (SF) and a breast-fed reference group. The impact of MFGM on the fecal microbiome was moderate; however, the fecal metabolome of EF-fed infants showed a significant reduction of several metabolites including lactate, succinate, amino acids and their derivatives from that of infants fed SF. Introduction of weaning food with either human milk or infant formula reduces the distinct characteristics of breast-fed- or formula-fed- like infant fecal microbiome and metabolome profiles. Our findings support the hypothesis that higher levels of protein in infant formula and the lack of human milk oligosaccharides promote a shift toward amino acid fermentation in the gut. MFGM may play a role in shaping gut microbial activity and function.",2019,10.1038/s41598-019-47953-4,31406230,pubmed_rct_title_anchored_pairwise_omics_candidates,candidate_levels_2_to_4,seek_full_text,,causal_evidence,3,,,,,,,,,,
pubmed:42257261,"Immune-Mediated Gut-Lung Axis in IPF: Bidirectional Mendelian Randomization and Mediation Analysis of Microbiota, Inflammatory Proteins, and Metabolites.","Immune dysregulation plays a critical role in idiopathic pulmonary fibrosis (IPF), but the mechanisms underlying this dysregulation remain unclear. We performed bidirectional Mendelian randomization (MR) and mediation analysis using genome-wide association studies (GWAS) summary data from FinnGen (731 immune cell phenotypes, 473 gut microbiota, 91 inflammatory proteins, 179 plasma lipidome, 1,400 metabolites, and IPF cases). Sensitivity analyses ensured robustness. Nine immune cell phenotypes, nine gut microbiota taxa, three inflammatory proteins, one lipid species, and 29 metabolites showed significant causal associations with IPF. Regulatory T cells (Tregs) showed a dual role: protective subsets reduced IPF risk, while activated CD4+ Tregs increased susceptibility. Mediation analysis revealed that the effect of activated CD4+ Tregs was partially mediated by Phylum SAR324 (16.8%), TNFSF12 (10.8%), and CCL25 (4.94%). Immune cells, such as HLA-DR+ CD33- myeloid cells, modulated IPF via plasma metabolites (LIFR (22.1%) and decadienedioic acid (C10:2-DC) (8.38%)). Additionally, CD39+ CD4+ T cells demonstrated protective properties by suppressing the pro-fibrotic species CHKCI006 sp900018345 (14.8%), while CD39+ CD8br Tregs promoted the anti-fibrotic factor X-16935 (5.68%). These findings enhance our understanding of IPF pathogenesis, suggesting that modulating key metabolic pathways and immune regulatory nodes, such as Tregs, could represent promising therapeutic approaches. However, additional experimental studies are needed to validate these potential causal relationships. This MR study systematically maps multi-omics interactions in IPF, identifying novel mediators and therapeutic targets. Validating these mechanisms in experimental models could advance precision immunomodulatory strategies for IPF.",2026,10.2174/0118715303416212251126093242,42257261,pubmed_causal_mediation; pubmed_genetic_instruments; pubmed_multiomics_formal_mediation_candidates; pubmed_multiomics_two_sample_or_bidirectional_mr_candidates,candidate_levels_2_to_4,seek_full_text,,pending,pending,,,,,,,,,,
europepmc:PPR:PPR1275153,A Copper Metabolism-Related Gene Signature Predicts Prognosis and Therapeutic Response in Breast Cancer Based on Multi-Omics Analysis,"<title>Abstract</title> <p> Breast cancer (BC) displays remarkable heterogeneity, which creates difficulties for precise prognosis and individualized treatment. Copper metabolism has increasingly been recognized as a critical factor in tumor progression, yet its clinical relevance in BC remains undefined. We integrated multi-cohort transcriptomic data from TCGA and GEO databases. LASSO regression was employed to screen for copper metabolism-related genes (CMRGs), and then multivariate Cox regression was performed to develop a prognostic signature. A series of systematic evaluations were conducted, including analyses of immune infiltration, tumor mutational burden (TMB), drug sensitivity, and immunotherapy response. We also performed two-sample Mendelian randomization and Bayesian colocalization analyses to explore causal relationships between signature gene expression and BC risk. A four-gene signature consisting of ZMYND10, EVA1B, GREB1, and CHI3L1 was successfully established. A high CMRG risk score emerged as an independent unfavorable prognostic factor and was associated with an immunosuppressive tumor microenvironment, characterized by reduced levels of CD8⁺T cells, dendritic cells, and M1 macrophages. A low risk score predicted a favorable response to immune checkpoint inhibitors (IMvigor210, GSE91061) as well as enhanced sensitivity to multiple chemotherapeutic agents (oxaliplatin, gemcitabine, cisplatin) and targeted drugs (lapatinib, palbociclib). Dysregulation of the four genes was confirmed through expression validation across TCGA, GSE42568, GSE54002, and HPA immunohistochemistry data. Mendelian randomization revealed a causal link between EVA1B expression and BC risk (OR = 1.05, <italic>P</italic> = 0.025) with strong colocalization support (PP.H4 = 0.989). The robustness of the signature was further confirmed by external validation. Taken together, this CMRG signature effectively stratifies patient risk, mirrors the immune landscape, and holds promise as a biomarker for prognosis prediction, immunotherapy response, and drug sensitivity in breast cancer. EVA1B represents a potential causal therapeutic target. </p>",2026,10.21203/rs.3.rs-9927304/v1,,europepmc_direct_two_sample_or_bidirectional_mr; europepmc_direct_design,candidate_levels_2_to_4,seek_full_text,,causal_evidence,4,,,,,,,,,,
pubmed:39240096,Unfolding and de-confounding: biologically meaningful causal inference from longitudinal multi-omic networks using METALICA.,"A key challenge in the analysis of microbiome data is the integration of multi-omic datasets and the discovery of interactions between microbial taxa, their expressed genes, and the metabolites they consume and/or produce. In an effort to improve the state of the art in inferring biologically meaningful multi-omic interactions, we sought to address some of the most fundamental issues in causal inference from longitudinal multi-omics microbiome data sets. We developed METALICA, a suite of tools and techniques that can infer interactions between microbiome entities. METALICA introduces novel unrolling and de-confounding techniques used to uncover multi-omic entities that are believed to act as confounders for some of the relationships that may be inferred using standard causal inferencing tools. The results lend support to predictions about biological models and processes by which microbial taxa interact with each other in a microbiome. The unrolling process helps identify putative intermediaries (genes and/or metabolites) to explain the interactions between microbes; the de-confounding process identifies putative common causes that may lead to spurious relationships to be inferred. METALICA was applied to the networks inferred by existing causal discovery, and network inference algorithms were applied to a multi-omics data set resulting from a longitudinal study of IBD microbiomes. The most significant unrollings and de-confoundings were manually validated using the existing literature and databases. We have developed a suite of tools and techniques capable of inferring interactions between microbiome entities. METALICA introduces novel techniques called unrolling and de-confounding that are employed to uncover multi-omic entities considered to be confounders for some of the relationships that may be inferred using standard causal inferencing tools. To evaluate our method, we conducted tests on the inflammatory bowel disease (IBD) dataset from the iHMP longitudinal study, which we pre-processed in accordance with our previous work. From this dataset, we generated various subsets, encompassing different combinations of metagenomics, metabolomics, and metatranscriptomics datasets. Using these multi-omics datasets, we demonstrate how the unrolling process aids in the identification of putative intermediaries (genes and/or metabolites) to explain the interactions between microbes. Additionally, the de-confounding process identifies potential common causes that may give rise to spurious relationships to be inferred. The most significant unrollings and de-confoundings were manually validated using the existing literature and databases.",2024,10.1128/msystems.01303-23,39240096,europepmc_preprint_temporal; pubmed_direct_temporal; pubmed_graphical_methods,candidate_levels_2_to_4,seek_full_text,,pending,pending,,,,,,,,,,
pubmed:41406083,Lactate metabolism orchestrates immune dysregulation in renal cancer: A multi-omics and causal inference study.,"BackgroundLactate shapes the tumor microenvironment and modulates immunity. Investigating lactate metabolism genes in renal cell carcinoma (RCC) could elucidate therapeutic targets.MethodsSingle-cell RNA sequencing (GSE242299), bulk RNA sequencing (GSE102101), and spatial transcriptomics (GSE175540) data for RCC were retrieved from GEO. Data processing included quality control, normalization, and dimensionality reduction (R packages). RCTD and CellChat were used for spatial deconvolution and cell-cell communication analysis. CIBERSORT and GSEA evaluated immune infiltration and pathway enrichment. Lactylation scores were derived via single-sample gene set enrichment analysis (ssGSEA) of lactate metabolism genes. Mendelian randomization (MR) assessed gene-cancer risk associations.ResultsMacrophages demonstrated a higher potential for interactions with other cell types due to their extensive receptor-ligand relationships. Lactylation score and MR analysis identified six pivotal genes associated with renal cancer risk: C4A and SERPINA1 were correlated with an elevated disease risk, whereas CD70, FXYD2, SERPINE1, and TUBB6 were associated with a reduced risk. These genes are linked to the degree of immune cell infiltration and can influence the disease process through diverse mechanisms. We also explored the expression profiles of primary genes involved in lactate metabolism in RCC and compared the metabolic pathways between different groups. Notably, experimental validation via tissue microarray immunofluorescence confirmed that the risk-associated genes C4A and SERPINA1 were significantly overexpressed in RCC tumor tissues.ConclusionLactic acid metabolism regulates RCC progression by modulating metabolic activity and immune cell infiltration. Key lactate metabolism genes present novel targets for RCC treatment.",2025,10.1177/00368504251408094,41406083,pubmed_graphical_methods,candidate_levels_2_to_4,seek_full_text,,pending,pending,,,,,,,,,,
pubmed:41917188,Multiomic single-cell perturbation screens reveal critical lncRNA regulators of senescence.,"Long noncoding RNAs (lncRNAs) regulate transcriptional and epigenetic programs during aging and senescence. However, no comprehensive studies have systematically integrated multilayered analyses to reveal their diverse regulatory roles. Moreover, lncRNAs with therapeutic potential in age-related diseases remain unexplored. Here we systematically perturbed 32 high-abundance aging- and senescence-associated lncRNAs (PtbAlncs) using a Perturb-seq-based CRISPR-dCas9-KRAB knockdown system coupled with single-nucleus multiomics profiling, enabling simultaneous transcriptomic and chromatin accessibility analysis. This analysis uncovered essential roles for previously uncharacterized lncRNAs in senescence regulation, validated computationally and experimentally. These lncRNAs modulate distinct single-cell RNA-sequencing modules through diverse yet overlapping epigenetic motifs in single-cell ATAC-sequencing modules. Among them, HOTAIRM1, a DNA repair-associated PtbAlnc, stabilizes DNA repair by cooperating with BANF1 and p53 at double-strand break loci within condensates. Its deficiency impairs DNA repair and triggers p53-mediated senescence. In aged mouse lungs, adeno-associated virus-mediated HOTAIRM1 overexpression reduced fibrosis, alleviated tissue damage, and promoted cellular proliferation, underscoring its therapeutic potential.",2026,10.1038/s43587-026-01100-7,41917188,pubmed_multiomics_title_specific_perturbation_candidates,candidate_levels_2_to_4,seek_full_text,,pending,pending,,,,,,,,,,
pubmed:30529583,Specific Bacteria and Metabolites Associated With Response to Fecal Microbiota Transplantation in Patients With Ulcerative Colitis.,"Fecal microbiota transplantation (FMT) can induce remission in patients with ulcerative colitis (UC). In a randomized controlled trial of FMT in patients with active UC, we aimed to identify bacterial taxonomic and functional factors associated with response to therapy. We performed a double-blind trial of 81 patients with active UC randomly assigned to groups that received an initial colonoscopic infusion and then intensive multidonor FMT or placebo enemas, 5 d/wk for 8 weeks. Patients in the FMT group received blended homogenized stool from 3-7 unrelated donors. Patients in the placebo group were eligible to receive open-label FMT after the double-blind study period. We collected 314 fecal samples from the patients at screening, every 4 weeks during treatment, and 8 weeks after the blinded or open-label FMT therapy. We also collected 160 large-bowel biopsy samples from the patients at study entry, at completion of 8 weeks of blinded therapy, and at the end of open-label FMT, if applicable. We analyzed 105 fecal samples from the 14 individual donors (n = 55), who in turn contributed to 21 multidonor batches (n = 50). Bacteria in colonic and fecal samples were analyzed by both 16S ribosomal RNA gene and transcript amplicon sequencing; 285 fecal samples were analyzed by shotgun metagenomics, and 60 fecal samples were analyzed for metabolome features. FMT increased microbial diversity and altered composition, based on analyses of colon and fecal samples collected before vs after FMT. Diversity was greater in fecal and colon samples collected before and after FMT treatment from patients who achieved remission compared with patients who did not. Patients in remission after FMT had enrichment of Eubacterium hallii and Roseburia inulivorans compared with patients who did not achieve remission after FMT and had increased levels of short-chain fatty acid biosynthesis and secondary bile acids. Patients who did not achieve remission had enrichment of Fusobacterium gonidiaformans, Sutterella wadsworthensis, and Escherichia species and increased levels of heme and lipopolysaccharide biosynthesis. Bacteroides in donor stool were associated with remission in patients receiving FMT, and Streptococcus species in donor stool was associated with no response to FMT. In an analysis of fecal and colonic mucosa samples from patients receiving FMT for active UC and stool samples from donors, we associated specific bacteria and metabolic pathways with induction of remission. These findings may be of value in the design of microbe-based therapies for UC. ClinicalTrials.gov, Number NCT01896635.",2018,10.1053/j.gastro.2018.12.001,30529583,pubmed_rct_title_anchored_pairwise_omics_candidates,candidate_levels_2_to_4,seek_full_text,,pending,pending,,,,,,,,,,
pubmed:31808596,The intestinal microbiome potentially affects thrombin generation in human subjects.,"The intestinal microbiome plays a versatile role in the etiology of arterial thrombosis. In venous thrombosis, driven chiefly by plasma coagulation, no such role has yet been established. We hypothesized that the intestinal microbiome composition affects coagulation in humans. We used healthy donor fecal microbiota transplant (FMT) to experimentally change the microbiome composition in metabolic syndrome patients. Thirty-five subjects were randomized in a blinded fashion to healthy donor FMT or autologous FMT as a control in a 2:1 ratio. We measured thrombin generation at baseline and after 6 weeks using automated calibrated thrombinography, and we determined plasma abundance of 32 coagulation related proteins using a targeted mass spectrometry-based quantitative proteomics assay with heavy labeled internal standards. Healthy donor FMT prolonged the thrombinography lag time (median delta 0.0 versus 0.25 minutes, P = .039). The other thrombinography parameters showed no significant difference. Unsupervised cluster analysis suggested overall downregulation of coagulation related plasma proteins in subject clusters containing predominantly subjects that had a metabolic response to healthy donor FMT. FMT treatment status itself showed no clear clustering pattern with up- or downregulation, however, and proteins did not cluster according to an apparent biological grouping. A single healthy donor FMT tends to modestly suppress the onset thrombin generation in metabolic syndrome patients, representing initial proof-of-principle that the intestinal microbiota composition might affect the coagulation system in humans. The findings merit external validation as a role for intestinal microbiota in coagulation can have clinically important implications.",2019,10.1111/jth.14699,31808596,pubmed_rct_title_anchored_pairwise_omics_candidates,candidate_levels_2_to_4,seek_full_text,,causal_evidence,3,,,,,,,,,,
pubmed:41389732,Integration of multiple omics reveals key targets and cellular mechanisms for intervention in sarcopenia.,"Sarcopenia, an age-related syndrome characterized by progressive loss of muscle mass, strength, and function, presents a significant global health burden with limited therapeutic interventions. This study integrates genomic causality, multi-tissue omics, and cellular mediation analyses to identify and prioritize mechanistically grounded therapeutic targets. A multi-tiered analytical framework was applied, beginning with two-sample Mendelian randomization (MR) to infer causal relationships between 4907 plasma proteins (cis-pQTLs from 35,559 individuals) and sarcopenia traits in Pan-UK Biobank participants. Bayesian colocalization and transcriptomic validation in human sarcopenia muscle biopsies were employed to prioritize targets. Cellular mediation analysis quantified contributions of immune and stromal cell subtypes to protein-trait pathways using transcriptomic deconvolution. MR identified 1237 plasma proteins causally associated with sarcopenia traits, with six targets (HGFAC, GATM, HMOX2, F2, LMAN2L, HPGDS) validated through colocalization, transcriptomic expression, and sarcopenia-related dysregulation. Cellular mediation revealed immune mechanisms underlying HGFAC's effects, with CD4+ regulatory T cells mediating 3.49 % of its impact on sarcopenia traits. Prothrombin exhibited muscle-protective effects independent of coagulation. This study establishes a causal map linking plasma proteins to sarcopenia through immune-stromal interactions. The integration of MR, multi-omics validation, and cellular mediation prioritizes six proteins as actionable targets, supporting repurposing of thrombin inhibitors and development of immunometabolic therapies. The framework bridges genomic causality with cellular pathophysiology, advancing precision strategies for age-related muscle decline.",2025,10.1016/j.archger.2025.106113,41389732,pubmed_multiomics_formal_mediation_candidates; pubmed_multiomics_two_sample_or_bidirectional_mr_candidates,candidate_levels_2_to_4,seek_full_text,,pending,pending,,,,,,,,,,
europepmc:PPR:PPR1167118,The NDUFS1/BRK1 Axis in COPD Pathogenesis: A Multi-Omics Approach Linking Mitochondrial Dysfunction to Actin Cytoskeleton Disruption,"<title>Abstract</title> <p>Background: Chronic obstructive pulmonary disease (COPD) is a major global health burden, affecting over 300 million people and ranking as the third leading cause of death worldwide. Current therapies do not modify disease progression, and molecular mechanisms linking mitochondrial dysfunction and cytoskeletal disruption remain unclear. Emerging evidence implicates NDUFS1, a subunit of mitochondrial complex I, and BRK1, a key regulator of actin cytoskeleton dynamics, in COPD pathogenesis, potentially through related pathways. <h4>Methods:</h4> We conducted an integrative multi-omics study combining transcriptomic profiling of lung tissues from COPD patients and healthy controls, two-sample Mendelian randomization(MR) using genome-wide association study summary statistics, and network pharmacology coupled with molecular docking. Transcriptomic analyses assessed differential expression of NDUFS1 and BRK1, their correlation with clinical parameters such as forced vital capacity and GOLD stages, and pathway-level changes via gene set enrichment analysis. MR used inverse variance weighted method as primary analysis, supported by MR-Egger, weighted median, and mode-based approaches, with sensitivity tests for pleiotropy. Network pharmacology identified compounds targeting NDUFS1, followed by docking to evaluate binding affinities. <h4>Results:</h4> Transcriptomic results showed NDUFS1 upregulation and BRK1 downregulation in COPD. BRK1 decreased across GOLD stages and correlated positively with forced vital capacity. Gene set enrichment analysis revealed suppression of the actin cytoskeleton pathway, strongly negatively correlated with NDUFS1 and positively with BRK1. MR indicated a protective causal effect of BRK1 on COPD risk, with consistent directional support across methods. Higher NDUFS1 expression causally reduced BRK1 levels, with no significant pleiotropy. β-sitosterol showed the strongest predicted binding affinity to NDUFS1 among screened phytochemicals. <h4>Conclusion:</h4> Dysregulation of NDUFS1 and BRK1 may contribute to COPD via mitochondrial-cytoskeletal crosstalk. Causal evidence supports further investigation, with β-sitosterol emerging as a candidate for therapeutic development.</p>",2026,10.21203/rs.3.rs-8990913/v1,,europepmc_direct_two_sample_or_bidirectional_mr; europepmc_direct_design,candidate_levels_2_to_4,seek_full_text,,causal_evidence,3,,,,,,,,,,
europepmc:PPR:PPR880036,An integrated multi-omics analysis identifies novel regulators of circadian rhythm and sleep disruptions induced by changed photoperiod in Antarctica,"<title>Abstract</title> <p>Light is a dominant zeitgeber for biological clocks, and its regulatory mechanism for sleep-wake activity has been extensively studied. However, the molecular pathways through which the Antarctic unique photoperiod, i.e. polar days in summer and polar nights in winter, affects human sleep and circadian rhythm remain largely unidentified, despite previous studies have observed delayed circadian rhythm and sleep disruptions of expeditioners during polar nights. In this study, we conducted comprehensive dynamic research of the expeditioners during their residence in Antarctica for over one year. By integrating the phenotypic changes with multi-omics data, we tried to identify the novel candidate regulators and their correlation networks involved in circadian and sleep disorders under the extreme photoperiod. We found that during the austral winter, expeditioners exhibited delayed bedtime and get up time, reduced sleep efficiency, and increased sleep fragmentation. Meanwhile, serum dopamine metabolite levels significantly increased, while serotonin metabolites and antioxidants decreased. These changes were accompanied by altered expression of genes and proteins associated with neural functions, cellular activities, transcriptional regulation, and so on. Through the correlation and causal mediation analysis, we identified several potential pathways modulating human sleep-wake activity, involving genes and proteins related to neural function, glucose metabolism, and extracellular matrix homeostasis, as well as some lncRNAs. Based on the identified causal mediators, LASSO regression analysis further revealed a novel candidate gene, Shisa Family Member 8 (<italic>SHISA8</italic>), as a potential key regulatory hub in this process. These findings shed light on the probable molecular mechanisms of sleep disorders in Antarctica and suggested <italic>SHISA8</italic> as a novel candidate target for the medical intervention of sleep disorders under changed light-dark cycle.</p>",2024,10.21203/rs.3.rs-4597746/v1,,europepmc_direct_formal_mediation; europepmc_direct_design,candidate_levels_2_to_4,seek_full_text,,causal_hypothesis,2,,,,,,,,,,
europepmc:PPR:PPR516561,An integrated multi-omics analysis of sleep-disordered breathing traits across multiple blood cell types,"<h4>ABSTRACT</h4> <h4>Background</h4> Sleep Disordered Breathing (SDB) is characterized by repeated breathing reductions or cessations during sleep, often accompanied by oxyhemoglobin desaturation. How SDB affects the molecular environment is still poorly understood. <h4>Methods</h4> We studied the association of three SDB measures: the Apnea Hypopnea Index (AHI), average and minimum oxyhemoglobin saturation during sleep (AvgO2 and MinO2) with gene expression measured using RNA-seq in peripheral blood mononuclear cells (PBMCs), monocytes, and T-cells, in ∼500 individuals from the Multi-Ethnic Study of Atherosclerosis (MESA). We developed genetic instrumental variables (IVs) for the associated transcripts as polygenic risk scores (tPRS), then generalized and validated the tPRS in the Women’s Health Initiative (WHI). Next, we constructed the tPRS and studied their association with SDB measures (to identify potential reverse causal associations) and with serum metabolites (to identify downstream effects) in ∼12,000 and ∼4,000 participants, respectively, from the Hispanic Community Health Study/Study of Latinos (HCHS/SOL). Finally, we estimated the association of these SDB measures with transcript IV-associated metabolites in HCHS/SOL, to verify complete association pathways linking SDB, gene expression, and metabolites. <h4>Results</h4> Across the three leukocyte cell types, 96 gene transcripts were associated with at least one SDB exposure (False Discovery Rate (FDR) p-value <0.1). Across cell populations, estimated log-fold expression changes were similar between AHI and MinO2 (Spearman correlations>0.90), and less similar between AvgO2 and the other exposures. Eight and four associations had FDR p-value<0.05 when the analysis was not adjusted and adjusted to BMI, respectively. Associations include known genes that respond to ( PDGFC ) and regulate response to ( AJUBA ) hypoxia. We identified a complete “chain” linking AvgO2, P2RX4 , and butyrylcarnitine (C4), suggesting that increased expression of the purinergic receptor P2RX4 may improve average oxyhemoglobin saturation and decrease butyrylcarnitine (C4) levels. <h4>Conclusions</h4> Our results support a mechanistic role for purinergic signaling and hypoxic signaling, among others, in SDB. These findings show differential gene expression by blood cell type in relation to SDB traits and link P2XR4 expression to influencing AvgO2 and butyrylcarnitine (C4) levels. Overall, we employed novel methods for integrating multi-omic data to evaluate biological mechanisms underlying multiple SDB traits.",2022,10.1101/2022.07.09.22277444,,europepmc_direct_instrumental_variable; europepmc_direct_design,candidate_levels_2_to_4,seek_full_text,,causal_hypothesis,2,,,,,,,,,,
europepmc:MED:41570284,Multi-omics analysis identifies TBCB as a therapeutic target in sepsis-induced liver injury.,"<h4>Background</h4>This study aimed to identify potential therapeutic targets for sepsis and elucidate the underlying molecular mechanisms, with a particular focus on the liver as a key target organ for experimental validation.<h4>Methods</h4>Here, two sequential studies were conducted to uncover and characterize therapeutic targets involved in sepsis-induced liver injury. In Study 1, a proteome-wide Mendelian randomization (MR) analysis was performed using protein quantitative trait loci from deCODE (n = 35 559 Icelanders), UK Biobank (n = 54 219), ARIC (n = 7213 European Americans; n = 1871 African Americans), AGES-Reykjavik (n = 5368 Icelanders), and Fenland (n = 10 708 European ancestry). These datasets were integrated with a sepsis genome-wide association study (GWAS) (FinnGen R12; n = 17 133 cases and 439 048 controls) to identify causal protein candidates. Subsequently, summary-data-based MR was performed. The analysis was based on data from eQTLGen (n = 31 684), GTEx v8 (n = 838 donors), and sepsis GWAS (FinnGen R12; UK Biobank, n = 11 643 cases/474 841 controls). Its goal was to prioritize genes concordant with protein signals. Expression of the candidate was then validated in vivo and in vitro. In Study 2, a metabolite GWAS (n = 8299) was used to investigate metabolic mediation and perform pathway enrichment analysis. Finally, potential small-molecule therapeutics predicted to modulate the prioritized target were identified.<h4>Results</h4>Integrated multi-omics analyses identified tubulin-folding cofactor B (TBCB) as a promising therapeutic target for sepsis. Quantitative analyses in both in vivo and in vitro models consistently demonstrated significant upregulation of TBCB during sepsis-induced liver injury. Functional knockdown of TBCB significantly attenuated inflammatory signaling. Mechanistically, TBCB appears to contribute to sepsis progression by modulating intracellular lipid metabolism and metabolic homeostasis. Furthermore, molecular docking and dynamics simulations predicted several small molecules for TBCB, suggesting potential therapeutic value.<h4>Conclusion</h4>This study identifies TBCB as a central regulator of sepsis pathogenesis, especially in sepsis-induced liver injury. These findings provide novel mechanistic insights and a promising therapeutic target for intervention.",2026,10.1097/js9.0000000000004770,41570284,europepmc_molecular_gwas_mr_expansion; europepmc_molecular_gwas_twas_mr,candidate_levels_2_to_4,seek_full_text,,causal_evidence,4,,,,,,,,,,
europepmc:MED:42448663,Integrative multi-omics reveals MHC class II-mediated neuroinflammation and systemic metabolic dysregulation as transdiagnostic drivers in major brain disorders.,"Psychiatric, neurodevelopmental, and neurodegenerative disorders, including Alzheimer's disease (AD), attention-deficit/hyperactivity disorder (ADHD), autism spectrum disorder (ASD), bipolar disorder (BIP), major depressive disorder (MDD), and schizophrenia (SCZ), exhibit complex etiologies driven by immune and metabolic dysregulation. While distinct in their clinical onset, these conditions share overlapping molecular vulnerabilities. This study pioneers an integrative multi-omics framework, combining multi-tissue TWAS, cross-disorder pleiotropy analyses, Mendelian Randomization (MR), predictive machine learning, and BV2 microglial profiling. Crucially, our analysis uncovered a robust ""Dual-Axis"" etiological architecture. First, a systemic metabolic axis emerged as a primary driver, particularly involving FADS2-mediated lipid dysregulation and gut-brain axis interactions. This axis shares mechanisms between bipolar disorder and schizophrenia, with Multi-tissue TWAS revealing peripheral contributions (e.g., liver, colon) to CNS pathology. Second, MHC Class II-mediated pathways, driven by HLA-DRA, HLA-DRB1, HLA-DQB1, and HLA-DQA1, emerged as a transdiagnostic neuroinflammatory nexus across AD, BIP, MDD, and SCZ, orchestrating antigen presentation to CD4+ T-helper cells. To bridge these genomic findings with cellular function, BV2 microglial profiling was performed to provide a cellular-context reference specifically for the identified immune risk component. This cellular model confirmed that the immunogenetic risk burden maps to a specific proinflammatory activation state characterized by upregulated neurotoxins (Lcn2, Nos2, Ccl2) and suppressed lipid transport/phagocytosis (Apoe, Cd68). Machine learning models leveraging these signatures achieved robust predictive performance, particularly for BIP and MDD. MR analyses uncovered causal roles of immune, lipid, and microbial pathways, with shared metabolic signatures (e.g., N-acetylarginine) across disorders. Integration with traditional medicine databases linked lipid metabolism to Artemisia argyi, suggesting novel therapeutic avenues. This integrative approach redefines the molecular framework of these disorders by highlighting systemic metabolic dysregulation and strongly implicating MHC Class II-mediated neuroinflammation as two convergent drivers, advancing precision psychiatry through targeted immunotherapies and metabolic modulators.",2026,10.1038/s41398-026-04280-3,42448663,europepmc_molecular_gwas_mr_expansion; europepmc_molecular_gwas_twas_mr,candidate_levels_2_to_4,seek_full_text,,pending,pending,,,,,,,,,,
pubmed:40587116,Prediction of Weight Loss and Regain Based on Multiomic and Phenotypic Features: Results From a Calorie-Restricted Feeding Trial.,"To identify baseline multiomic and phenotypic predictors and develop prediction models for weight and body composition loss and regain in the Low-Carbohydrate Diet and Time-Restricted Eating (LEAN-TIME) trial. A post hoc analysis was conducted of the LEAN-TIME feeding trial using data from 88 adults with overweight/obesity completing a 12-week calorie-restricted weight-loss phase and 79 completing a 28-week weight-regain phase. Baseline dietary, metabolic, fecal metabolome, and gut microbiome data were candidate predictors of changes in weight, body fat mass (BFM), and soft lean mass (SLM). Multivariable regression and the least absolute shrinkage and selection operator model were used to identify predictors and develop weighted-sum prediction models. Multiomic and phenotypic models significantly outperformed phenotype-only models (P < 0.05), demonstrating strong predictive performance during both phases. During weight loss, the multiomic and phenotypic model yielded R2 values of 0.49, 0.61, and 0.54 for changes in weight, BFM, and SLM, respectively, with corresponding root mean square errors (RMSEs) of 1.59, 1.41, and 0.98 kg. For binary classification of clinically meaningful weight loss (≥5%), the model achieved an area under the curve of 0.95 (sensitivity 94.12%; specificity 86.79%). During weight regain, R2 values reached 0.72, 0.73, and 0.66 for weight, BFM, and SLM (RMSEs 1.40, 1.62, and 0.73 kg), respectively. Several key baseline predictors, primarily gut microbes and fecal metabolites, such as N-acetyl-l-aspartic acid, Ruminococcus callidus, and Bifidobacterium adolescentis, were shared for weight and body composition changes during both phases. Baseline multiomic and phenotypic data effectively predict weight and body composition loss and regain, offering insights for personalized weight management.",2026,10.2337/dc25-0728,40587116,pubmed_randomized_multiomics_trials,candidate_levels_2_to_4,seek_full_text,,pending,pending,,,,,,,,,,
pubmed:40135285,Unveiling causal pathways in autoimmune diseases: a multi-omics approach.,"Autoimmune diseases (ADs), such as Graves' disease (GD), Hashimoto's thyroiditis (HT), psoriasis, systemic lupus erythematosus (SLE), and type 1 diabetes (T1D), involve complex immune and inflammatory responses. This study employed Mendelian randomization (MR) analysis using genome-wide association study (GWAS) data to examine the causal relationships among 91 circulating inflammatory proteins, 41 cytokines, 211 gut microbiota, and 731 immune cell traits in relation to ADs. Additionally, we integrated mediation and bioinformatics analyses, including protein-protein interaction (PPI) networks, Gene Ontology (GO) enrichment, and Kyoto Encyclopedia of Genes and Genomes (KEGG) pathway analysis. Subnetwork discovery and key protein identification were performed using the Molecular Complex Detection (MCODE) plugin, alongside colocalization analysis and drug target exploration to identify potential mechanisms. MR analysis identified significant causal relationships between various circulating inflammatory proteins, cytokines, gut microbiota species, immune cells, and ADs, with certain relationships retaining significance after false discovery rate (FDR) correction. Mediation analysis demonstrated that inflammatory proteins mediate pathogenic pathways linking immune cells to psoriasis and gut microbiota to Hashimoto's thyroiditis. PPI and bioinformatics analyses highlighted 22 key proteins involved in ADs, while subnetwork analysis identified 15 central proteins. Fms-related tyrosine kinase 3 ligand (FLT3LG) exhibited strong colocalization evidence. Molecular docking confirmed several proteins as viable drug targets. This comprehensive multi-omics study advances our understanding of ADs, identifies novel therapeutic targets, and offers valuable insights for developing new treatment strategies.",2025,10.1080/08916934.2025.2480594,40135285,pubmed_causal_model_effect_pathway; pubmed_multiomics_formal_mediation_candidates; pubmed_multiomics_title_causal_mediation_candidates,candidate_levels_2_to_4,seek_full_text,,pending,pending,,,,,,,,,,
europepmc:PPR:PPR613294,Causal relationships between genetically predicted circulating levels of amino acids and non-alcoholic fatty liver disease risk: a Mendelian randomisation study,"<h4>Background</h4> Emerging metabolomics-based studies suggested links between amino acids metabolism and non-alcoholic fatty liver disease (NAFLD) risk, however, whether there exists an aetiological role of amino acid metabolism in NAFLD development remains unknown. The aim of the present study was to assess the causal relationship between circulating levels of amino acids and NAFLD risk. <h4>Methods</h4> We performed two-sample Mendelian randomisation (MR) analyses using summary level data from genome-wide association studies (GWAS) to assess causal relationships between genetically predicted circulating levels of amino acids and NAFLD risk. Data from the largest GWAS on NAFLD (8,434 cases and 770,180 controls) were used in discovery MR analysis, and from a GWAS on NAFLD (1,483 cases and 17,781 controls) where NAFLD cases were diagnosed using liver biopsy, were used in replication MR analysis. Wald ratios or multiplicative random-effect inverse variance weighted (IVW) methods were used in the main MR analysis, and weighted median and MR-Egger regression analysis were used in sensitivity analyses. We additionally performed an MR conservative analysis by restricting genetic instruments to those directly involved in amino acid metabolism pathways. <h4>Findings</h4> We found that genetically predicted higher alanine (OR=1.45, 95% CI 1.15-1.83) and lower glutamine (OR = 0.81, 95% CI 0.66-1.00) levels were associated with a higher risk of developing NAFLD. Results from MR sensitivity analyses and conservative analysis supported the main findings. <h4>Interpretation</h4> Genetically predicted higher circulating levels of alanine was associated with an increased risk of NAFLD, whereas higher glutamine was associated with a decreased risk of NAFLD. <h4>Funding</h4> This work was supported by Xinhua Hospital, Shanghai Jiao Tong University School of Medicine (2021YJRC02). <h4>Research in context</h4> <h4>Evidence before this study</h4> Recent metabolomics studies revealed associations between circulating levels of several amino acids and non-alcoholic fatty liver disease (NAFLD) risk. Most of these studies were conducted with a focus on the profiling of amino acids between individuals with NAFLD and healthy subjects, which suggested the altered amino acid metabolism might be a consequence of NAFLD rather than a causal risk factor for NAFLD. We searched PubMed for studies in any language using the search terms “amino acids” AND “Non-alcoholic fatty liver disease OR NAFLD OR fatty liver” AND “Mendelian randomisation OR Mendelian randomization”, and found few studies on the causal effects of circulating amino acids on NAFLD risk. Thus, whether there is an aetiological role of amino acids in NAFLD development remains unknown. <h4>Added value of this study</h4> In the present study, we systematically investigated the causal effects of genetically predicted circulating levels of 20 amino acids on NAFLD risk using data from large-scale genome-wide association studies in up to 778,614 individuals of European ancestry. We utilised a state-of-art causal inference approach, that is Mendelian randomisation, to construct layers of evidence. Overall, we found that among 20 amino acids, genetically predicted higher circulating levels of alanine was associated with an increased risk of NAFLD, whereas higher glutamine was associated with a decreased risk of NAFLD. <h4>Implications of all the available evidence</h4> Our study is the first to systematically assess the causal relationships between levels of plasma amino acids and the development of NAFLD using multi-omics (i.e., genomic and metabolomic) data from large-scale human studies. Our results suggest the potential for the glutamine supplementation or alanine depletion for personalized nutrition in NAFLD prevention and treatment.",2023,10.1101/2023.02.03.23285451,,europepmc_direct_two_sample_or_bidirectional_mr; europepmc_direct_design,candidate_levels_2_to_4,seek_full_text,,causal_evidence,4,,,,,,,,,,
pubmed:40943610,Mitochondrial Gene Regulation and Pain Susceptibility: A Multi-Omics Causal Inference Study.,"The causal contributions of specific mitochondrial genes to common pain phenotypes remain unclear. We employed a multi-omics Mendelian randomization (SMR) approach, integrating QTL data (expression, methylation, protein) for mitochondrial genes with GWAS summary statistics for seven pain phenotypes. We identified 18 candidate genes with robust SMR associations across omics layers. However, strong colocalization evidence (PP.H4 > 0.7) was largely absent, pointing towards complex genetic architectures. A notable exception was a strong signal for a shared causal variant found at the methylation level for the MCL1 gene in hip pain (PP.H4 = 0.962), nominating it as a high-confidence candidate. Additionally, genetically predicted higher protein levels of Glycine amidinotransferase (GATM) showed consistent protective associations with neck or shoulder, back, and knee pain. This study provides novel evidence for mitochondrial gene regulation in pain, highlighting the GATM pathway as protective and identifying MCL1 methylation as a potential causal mechanism in hip pain.",2025,10.3390/ijms26178690,40943610,pubmed_graphical_methods,candidate_levels_2_to_4,seek_full_text,,pending,pending,,,,,,,,,,
pubmed:39689711,Multiome Perturb-seq unlocks scalable discovery of integrated perturbation effects on the transcriptome and epigenome.,"Single-cell CRISPR screens link genetic perturbations to transcriptional states, but high-throughput methods connecting these induced changes to their regulatory foundations are limited. Here, we introduce Multiome Perturb-seq, extending single-cell CRISPR screens to simultaneously measure perturbation-induced changes in gene expression and chromatin accessibility. We apply Multiome Perturb-seq in a CRISPRi screen of 13 chromatin remodelers in human RPE-1 cells, achieving efficient assignment of sgRNA identities to single nuclei via an improved method for capturing barcode transcripts from nuclear RNA. We organize expression and accessibility measurements into coherent programs describing the integrated effects of perturbations on cell state, finding that ARID1A and SUZ12 knockdowns induce programs enriched for developmental features. Modeling of perturbation-induced heterogeneity connects accessibility changes to changes in gene expression, highlighting the value of multimodal profiling. Overall, our method provides a scalable and simply implemented system to dissect the regulatory logic underpinning cell state. A record of this paper's transparent peer review process is included in the supplemental information.",2024,10.1016/j.cels.2024.12.002,39689711,europepmc_preprint_perturbation; pubmed_direct_perturbation; pubmed_explicit_gene_manipulation; pubmed_multiomics_title_specific_perturbation_candidates,candidate_levels_2_to_4,seek_full_text,,pending,pending,,,,,,,,,,
pubmed:40085352,From Clinic to Mechanisms: Multi-Omics Provide New Insights into Cerebrospinal Fluid Metabolites and the Spectrum of Psychiatric Disorders.,"Cerebrospinal fluid (CSF) is crucial in maintaining brain homeostasis by facilitating waste clearance, nutrient transport, and immune signaling. However, the links between CSF metabolites and psychiatric disorders, as well as the underlying mechanisms, remain largely unexamined. We conducted a bidirectional two-sample Mendelian randomization analysis to investigate potential causal relationships between CSF metabolites and 12 psychiatric disorders. Summary data for psychiatric disorders were sourced from the Psychiatric Genomics Consortium, while information on CSF metabolites was derived from two studies within the Wisconsin Alzheimer's Disease cohort. Causal estimates and pleiotropy were assessed using several robust methods, including inverse-variance-weighted (IVW) analysis, weighted median analysis, MR-Egger regression, and the MR-Egger test. Furthermore, a transcriptome-wide association study was conducted to explore potential mechanisms and shared etiologies between CSF metabolites and psychiatric disorders. The genetic risk of eating disorders (ED) can be increased by leucine (OR = 1.55, 95% CI: 1.21-1.97, P = 4.35 × 10⁻ 4 ), salicylate (OR = 1.03, 95% CI: 1.01-1.04, P = 4.95 × 10⁻ 4 ), and 1-methylnicotinamide (OR = 1.06, 95% CI: 1.03-1.09, P = 6.94 × 10⁻ 6 ), while methylmalonate may reduce ED risk (OR = 0.95, 95% CI: 0.93-0.98, P = 1.31 × 10⁻ 4 ). Similarly, the risk of schizophrenia (SCZ) may be reduced by threonate (OR = 0.93, 95% CI: 0.89-0.97, P = 1.98 × 10⁻ 4 ), oxalate (OR = 0.94, 95% CI: 0.90-0.97, P = 3.15 × 10⁻ 4 ), phenyllactate (OR = 0.96, 95% CI: 0.94-0.98, P = 2.23 × 10⁻ 4 ), N-acetylglucosamine (OR = 0.98, 95% CI: 0.97-0.99, P = 3.57 × 10⁻ 5 ), and citramalate (OR = 0.98, 95% CI: 0.98-0.99, P = 5.78 × 10⁻ 4 ). Conversely, SCZ may upregulate gamma-glutamylleucine (β = 0.08, P = 1.97 × 10⁻ 4 ) and O-sulfo-L-tyrosine (β = 0.06, P = 1.25 × 10⁻ 4 ), while downregulating gamma-glutamylphenylalanine (β = - 0.50, P = 1.16 × 10⁻ 4 ). Signal pathways related to the mechanistic target of the rapamycin (mTOR), post-translational protein modifications, and immune regulation may mediate the causal relationship of CSF metabolites on ED and SCZ. We identified a casual genetic causal relationship between CSF metabolites and both ED and schizophrenia SCZ, which is potentially mediated by pathways related to energy metabolism, post-translational modifications, and immune regulation.",2025,10.1007/s12035-025-04773-0,40085352,pubmed_multiomics_two_sample_or_bidirectional_mr_candidates,candidate_levels_2_to_4,seek_full_text,,pending,pending,,,,,,,,,,
pubmed:42047971,Autologous Cord Blood Mononuclear Cells Modulate Immunity and the Microbiota in Very Preterm Twins: A Randomized Trial.,"BACKGROUND: Disrupted immunity and microbiota dysbiosis underlie the pathophysiology of preterm complications. This study investigated the effect of autologous cord blood (ACB)-mononuclear cells (MNCs) infusion, rich in stem cells, on immune microecology in very preterm infants (VPIs). METHODS: One twin from each enrolled very preterm monozygotic pair was randomized to receive an ACB-MNCs infusion or normal saline. Immune cells, inflammatory cytokine profiles, and gut/lung microbiota, were compared. Short- and long-term clinical outcomes were evaluated. RESULTS: ACB-MNCs intervention induced transcriptional up-regulation of regulatory T cells (Treg) differentiation-facilitating genes and increased circulating Tregs. In blood, post-ACB-MNCs infusion, pro-inflammatory factors decreased, while the IL-10 level was higher than in the control group. In the ACB-MNCs group, lung microbial diversity increased significantly after intervention. Post-intervention, lung IL-10 and TGF-β increased in the ACB-MNCs group and were higher than the control group, while pro-inflammatory factors IL-4, IL-17 A, and IL-6 levels decreased in the ACB-MNCs group. In the ACB-MNCs group, gut microbial diversity improved and was more metabolically active after intervention. After intervention, mainly upregulated differentially expressed genes in peripheral blood immune cells were positively correlated with favored microbes colonizing the lung. Lung IL-10 correlated positively with blood Treg frequency, while lung IL-10 and TGF-β correlated negatively with blood IL-17A. The gut microbial diversity was negatively associated with blood IL-17A. Compared with control group, the total number of distinct preterm complications per patient in the ACB-MNCs group were fewer and long-term linear growth was better. CONCLUSION: ACB-MNCs intervention promoted immunity homeostasis via modulation of Treg and lung/gut microbiota. TRIAL REGISTRATION: This study was registered at Clinicaltrials.gov (NCT05087498). Date of registration: 10/09/2021; date of enrollment of the first participant to the trial:11/28/2021URL of trial registry record: https://clinicaltrials.gov/study/NCT05087498?term=NCT05087498&rank=1 .",2026,10.1007/s12015-026-11140-6,42047971,pubmed_randomized_multiomics_trials,candidate_levels_2_to_4,seek_full_text,,pending,pending,,,,,,,,,,
pubmed:41978582,Pulmonary-Intestinal Axis: Shared Genetic Basis and Mediating Factors Identified Through Multi-Omics Analysis.,"Chronic obstructive pulmonary disease (COPD) is a systemic condition with comorbidities beyond the lung (eg, cardiovascular and metabolic disorders), and gastrointestinal (GI) disorders are also common. The shared genetic basis of COPD-GI comorbidity and its mediating factors remain unclear. We hypothesized that COPD and GI diseases share pleiotropic genetic architecture implicating lipid-metabolic pathways, with smoking mediating part of the association. We analyzed publicly available European-ancestry GWAS summary statistics for COPD (Global Biobank Meta-analysis Initiative), 15 GI diseases (FinnGen), and smoking phenotypes (UK Biobank). Genetic correlation was estimated using linkage disequilibrium score regression (LDSC) and high-definition likelihood (HDL). Multi-trait analysis of GWAS (MTAG) boosted COPD discovery by leveraging genetically correlated GI traits. We integrated locus-to-gene mapping with multi-tissue expression quantitative trait loci (eQTL) and plasma protein quantitative trait loci (pQTL) evidence to prioritize shared loci, genes, and proteins. Bidirectional two-sample Mendelian randomization (MR) tested causal directions, and two-step mediation MR evaluated smoking. COPD showed significant genetic correlation with nine GI diseases. We identified six comorbidity-associated loci (three with CADD > 12.37) and 13 unique candidate pleiotropic genes; APOE was supported by proteomic evidence. Enrichment analyses highlighted lipid-metabolism pathways. MR suggested COPD increases risk of gastroesophageal reflux disease (GERD), irritable bowel syndrome (IBS), acute appendicitis, and gastric ulcer, while diverticular disease showed reverse causality toward COPD. Smoking partially mediated the COPD effect on GERD, acute appendicitis, and gastric ulcer. COPD and multiple GI disorders share a distributed pleiotropic genetic basis within the broader systemic comorbidity spectrum of COPD. Multi-omics evidence supports a genomic pulmonary-intestinal axis in which lipid metabolism and smoking-related mechanisms contribute to COPD and GI comorbidity, providing targets for risk stratification and potential intervention.",2026,10.2147/copd.s561645,41978582,pubmed_multiomics_formal_mediation_candidates; pubmed_multiomics_title_causal_mediation_candidates; pubmed_multiomics_title_genetic_qtl_candidates; pubmed_multiomics_two_sample_or_bidirectional_mr_candidates,candidate_levels_2_to_4,seek_full_text,,pending,pending,,,,,,,,,,
europepmc:PPR:PPR1055285,Integrated Multi-omics Prioritizes Ribosomal-targeting Omacetaxine Mepesuccinate for Optic Neuritis Therapy,"<h4>Background</h4> Optic neuritis (ON), an acute demyelinating disorder often preceding multiple sclerosis, lacks therapies preventing neurodegeneration despite corticosteroid use. <h4>Methods</h4> We combined GWAS (FinnGen cohort, finn-b-H7_OPTNEURITIS), immune-specific eQTL analysis (CAGE.sparse microglia/astrocytes), and network pharmacology. SMR-HEIDI filtering (p_HEIDI>0.05; FDR<0.05) validated causal genes. <h4>Results</h4> 46 ON-associated genes identified, with HLA-DRB1 as top risk locus (OR=3.297, FDR<0.01).Functional enrichment revealed antigen presentation dysregulation (GO:0002483, FDR=0.0025) and phagosome activation (hsa04145, FDR=0.0468), confirming microglial-astrocytic pathology.Omacetaxine mepesuccinate prioritized as sole repurposing candidate (FDR=0.0467) targeting ribosomal proteins RPL3/RPL2—mechanistically linked to glial protein synthesis suppression in demyelination. <h4>Conclusions</h4> This first multi-omics analysis of ON bridges HLA-mediated autoimmunity with repurposed ribosomal-targeted therapy, proposing omacetaxine for neuroprotection.",2025,10.1101/2025.07.22.666225,,europepmc_qtl_smr_heidi_expansion; europepmc_qtl_smr_heidi,candidate_levels_2_to_4,seek_full_text,,causal_evidence,3,,,,,,,,,,
pubmed:36067230,Multi-omics subtyping of hepatocellular carcinoma patients using a Bayesian network mixture model.,"Comprehensive molecular characterization of cancer subtypes is essential for predicting clinical outcomes and searching for personalized treatments. We present bnClustOmics, a statistical model and computational tool for multi-omics unsupervised clustering, which serves a dual purpose: Clustering patient samples based on a Bayesian network mixture model and learning the networks of omics variables representing these clusters. The discovered networks encode interactions among all omics variables and provide a molecular characterization of each patient subgroup. We conducted simulation studies that demonstrated the advantages of our approach compared to other clustering methods in the case where the generative model is a mixture of Bayesian networks. We applied bnClustOmics to a hepatocellular carcinoma (HCC) dataset comprising genome (mutation and copy number), transcriptome, proteome, and phosphoproteome data. We identified three main HCC subtypes together with molecular characteristics, some of which are associated with survival even when adjusting for the clinical stage. Cluster-specific networks shed light on the links between genotypes and molecular phenotypes of samples within their respective clusters and suggest targets for personalized treatments.",2022,10.1371/journal.pcbi.1009767,36067230,pubmed_graphical_methods,candidate_levels_2_to_4,seek_full_text,,pending,pending,,,,,,,,,,
pubmed:33997893,SynLeGG: analysis and visualization of multiomics data for discovery of cancer 'Achilles Heels' and gene function relationships.,"Achilles' heel relationships arise when the status of one gene exposes a cell's vulnerability to perturbation of a second gene, such as chemical inhibition, providing therapeutic opportunities for precision oncology. SynLeGG (www.overton-lab.uk/synlegg) identifies and visualizes mutually exclusive loss signatures in 'omics data to enable discovery of genetic dependency relationships (GDRs) across 783 cancer cell lines and 30 tissues. While there is significant focus on genetic approaches, transcriptome data has advantages for investigation of GDRs and remains relatively underexplored. SynLeGG depends upon the MultiSEp algorithm for unsupervised assignment of cell lines into gene expression clusters, which provide the basis for analysis of CRISPR scores and mutational status in order to propose candidate GDRs. Benchmarking against SynLethDB demonstrates favourable performance for MultiSEp against competing approaches, finding significantly higher area under the Receiver Operator Characteristic curve and between 2.8-fold to 8.5-fold greater coverage. In addition to pan-cancer analysis, SynLeGG offers investigation of tissue-specific GDRs and recovers established relationships, including synthetic lethality for SMARCA2 with SMARCA4. Proteomics, Gene Ontology, protein-protein interactions and paralogue information are provided to assist interpretation and candidate drug target prioritization. SynLeGG predictions are significantly enriched in dependencies validated by a recently published CRISPR screen.",2021,10.1093/nar/gkab338,33997893,pubmed_multiomics_title_specific_perturbation_candidates,candidate_levels_2_to_4,seek_full_text,,pending,pending,,,,,,,,,,
europepmc:MED:39494826,Appraising the life-course impact of Epstein-Barr virus exposure and its genetic signature on periodontitis.,"<h4>Background</h4>Periodontitis arises from a multifaceted interplay of environmental variables and genetic susceptibility, where microbial infection plays an indispensable part. Epstein-Barr virus (EBV) exposure has long been considered associated with periodontitis activity; however, the causal relationship and genetic connection between them remain unknown.<h4>Methods</h4>Within a life-course context, our study employed comprehensive Mendelian randomization (MR) methods, including univariable, multivariable, Bayesian model averaging, and reverse MR, to investigate the causal association between EBV exposure and periodontitis. Additionally, linkage disequilibrium score regression and colocalization analysis were utilized to assess the cross-trait genetic correlations, followed by transcriptome-wide association and enrichment analysis to discern the genetic-phenotypic biological profiles.<h4>Results</h4>Heightened levels of EBV antibodies, particularly early antigen diffuses (which serve as indicators of early infection or reactivation), are associated with an increased risk of periodontitis (odds ratio [OR]: 1.27 [1.09-1.47], p = 6.05 × 10<sup>-3</sup>) and demonstrate a significant genetic correlation (p = 4.11 × 10<sup>-3</sup>). This pathogenesis may involve the high-confidence causal gene RNASEK located in 17p13.1. Genetically predicted early-life anti-EBV immunoglobulin G (IgG) levels are correlated to a reduced periodontitis risk (OR: 0.89 [0.82-0.97], p = 1.76 × 10<sup>-3</sup>).<h4>Conclusions</h4>The present study highlights the impact of life-course EBV exposure and its genetic hallmark on periodontitis, providing novel perspectives into the underlying pathogenesis and management strategies for EBV-related periodontitis. These findings underscore diverse clinical and public health implications, encompassing antiviral therapies, viral vaccination strategies, and tailored interventions for individualized periodontitis management. Further research is required to validate and expand upon our findings.<h4>Plain language summary</h4>Periodontitis is a chronic inflammatory disease driven by interactions between microbial pathogens and the host immune system. While bacteria have traditionally been the focus of research, recent studies highlight the significance of virus-bacteria interactions, particularly the role of Epstein-Barr virus (EBV)-a herpesvirus infecting over 90% of the global population-in the development of periodontitis. However, the underlying causal and genetic mechanisms remain unclear. Our study employed genome-wide multi-omics approaches to investigate the link between EBV exposure and periodontitis. We found that recent EBV infection or reactivation increases the risk of periodontitis, whereas early-life exposure, possibly enabling immune resistance, may reduce it. Essential genes were identified as potential mediators, including CRTC3-AS1, HLA-DQA1, and RNASEK. These findings provide novel insights into the EBV-periodontitis connection. For example, viral testing and control could benefit patients unresponsive to standard bacterial treatments, and early viral exposure via vaccination might reduce the risk of periodontitis. Further clinical studies are required to elucidate these underlying mechanisms and the contribution of virus-bacteria interactions.",2025,10.1002/jper.24-0300,39494826,europepmc_molecular_gwas_mr_expansion; europepmc_molecular_gwas_twas_mr,candidate_levels_2_to_4,seek_full_text,,pending,pending,,,,,,,,,,
pubmed:32075887,Mediterranean diet intervention in overweight and obese subjects lowers plasma cholesterol and causes changes in the gut microbiome and metabolome independently of energy intake.,"This study aimed to explore the effects of an isocaloric Mediterranean diet (MD) intervention on metabolic health, gut microbiome and systemic metabolome in subjects with lifestyle risk factors for metabolic disease. Eighty-two healthy overweight and obese subjects with a habitually low intake of fruit and vegetables and a sedentary lifestyle participated in a parallel 8-week randomised controlled trial. Forty-three participants consumed an MD tailored to their habitual energy intakes (MedD), and 39 maintained their regular diets (ConD). Dietary adherence, metabolic parameters, gut microbiome and systemic metabolome were monitored over the study period. Increased MD adherence in the MedD group successfully reprogrammed subjects' intake of fibre and animal proteins. Compliance was confirmed by lowered levels of carnitine in plasma and urine. Significant reductions in plasma cholesterol (primary outcome) and faecal bile acids occurred in the MedD compared with the ConD group. Shotgun metagenomics showed gut microbiome changes that reflected individual MD adherence and increase in gene richness in participants who reduced systemic inflammation over the intervention. The MD intervention led to increased levels of the fibre-degrading Faecalibacterium prausnitzii and of genes for microbial carbohydrate degradation linked to butyrate metabolism. The dietary changes in the MedD group led to increased urinary urolithins, faecal bile acid degradation and insulin sensitivity that co-varied with specific microbial taxa. Switching subjects to an MD while maintaining their energy intake reduced their blood cholesterol and caused multiple changes in their microbiome and metabolome that are relevant in future strategies for the improvement of metabolic health.",2020,10.1136/gutjnl-2019-320438,32075887,pubmed_rct_title_anchored_pairwise_omics_candidates,candidate_levels_2_to_4,seek_full_text,,causal_evidence,3,,,,,,,,,,
pubmed:42089751,From early-onset asthma to chronic obstructive pulmonary disease: potential mediating proteins and therapeutic targets.,"Early-onset asthma (EOA) significantly increases the risk of chronic obstructive pulmonary disease (COPD), yet the causal mechanisms and molecular mediators underlying this progression remain poorly understood. Multi-omics integration provides a powerful framework for prioritizing potential mediating proteins and disease-specific therapeutic candidates. This study integrated large-scale genetic and proteomic data using Mendelian randomization (MR) approaches to investigate the progression from EOA to COPD. Proteome-wide MR evaluated protein quantitative trait loci (pQTLs) in relation to EOA and COPD risk, with mediation analysis evaluating their roles and single-cell transcriptomics defining the cell-type-specific expression of the mediating proteins. Finally, colocalization, multi-tissue expression quantitative trait loci (eQTLs), and druggability assessment were used to prioritize potential disease-specific therapeutic targets. Evidence from genetic instruments supports a causal relationship between EOA and COPD. Proteome-wide analyses of 7847 pQTLs identified 339 proteins with potential effects on EOA and 389 on COPD. Six proteins, KREMEN1, BLMH, CNTN5, IL1RN, MIA, and PILRA, showed statistically significant mediation effects in the EOA-to-COPD pathway. PILRA strongly colocalized at shared genetic loci between the two diseases and was significantly downregulated in macrophages from COPD patients. For disease-specific targets, immune-tissue eQTL validation supported ITPKA in EOA. Integration of druggability assessment with multi-tissue eQTL analyses prioritized FES, CCN3, NMI, and NMT1 as promising therapeutic candidates for COPD. These findings provide genetic evidence supporting a causal relationship between EOA and COPD, reveal putative mediating proteins, and prioritize therapeutic candidates with translational potential, offering new insights into pathogenesis, prevention, and intervention.",2026,10.1093/bib/bbag209,42089751,pubmed_multiomics_formal_mediation_candidates,candidate_levels_2_to_4,seek_full_text,,pending,pending,,,,,,,,,,
europepmc:PPR:PPR1248581,Circulating microRNAs as Putative Causal Regulators of Peripheral Arterial Disease in Diabetic Foot: An Integrative Multi-Omics and Drug Repurposing Study,"<title>Abstract</title> <p>Objective To identify causal circulating miRNAs regulating the immuno-vascular axis in DFU-associated PAD through integrative multi-omics analysis, and to map pharmacologically actionable targets via computational drug repurposing. Methods Publicly available transcriptomic datasets (GEO; n = 312 samples) were analyzed using DESeq2 for differential miRNA expression. Two-sample Mendelian randomization (MR), anchored on miRNA-QTL instruments, established causal inference. Consensus miRNA–mRNA target networks were reconstructed using miRTarBase, TargetScan, and miRDB, followed by protein–protein interaction analysis in Cytoscape. KEGG and GO enrichment were performed via clusterProfiler, and repurposing candidates were ranked through DSigDB/DGIdb with molecular docking validation in AutoDock Vina. Results Sixty-three dysregulated miRNAs were identified, of which six were causally implicated in PAD. Hub genes VEGFA, AKT1, and HIF1A anchored enriched pathways including PI3K-AKT signaling, hypoxia response, and NF-κB-mediated inflammation. Metformin, rapamycin, and atorvastatin emerged as top repurposing candidates, with docking affinities reaching − 9.8 kcal/mol. Conclusion Causal circulating miRNAs constitute a molecularly coherent regulatory layer in DFU-associated PAD, with metformin representing a biologically plausible and translationally tractable repurposing candidate for immuno-vascular restoration.</p>",2026,10.21203/rs.3.rs-9971778/v1,,europepmc_direct_two_sample_or_bidirectional_mr; europepmc_direct_design,candidate_levels_2_to_4,seek_full_text,,causal_evidence,3,,,,,,,,,,
pubmed:41106624,Multi-omics causal inference of nuclear-encoded mitochondrial genes in autism spectrum disorder.,"Mitochondrial dysfunction is increasingly implicated in autism spectrum disorder (ASD), yet its causal genetic basis remains unclear. Mitochondria are maternally inherited organelles essential for neurodevelopment and cellular energy homeostasis, while most mitochondrial proteins are nuclear-encoded and follow Mendelian inheritance. Clarifying how genetically regulated mitochondrial gene activity relates to ASD risk may provide new mechanistic insight. We applied a multi-omics Mendelian randomization (MR) framework integrating methylation (mQTL), expression (eQTL; blood and 12 GTEx brain regions), and protein (pQTL) datasets. We used summary-data-based MR (SMR) with HEIDI to exclude LD-driven signals and Bayesian colocalization (PPH4 > 0.70) to require a shared causal variant. Where independent cis instruments were available, two-sample MR estimated effects and assessed robustness. ASD outcomes came from IEU-802, IEU-806, and FinnGen GWAS. Convergent evidence highlighted three mitochondria-related genes. CRAT and PRDX6 showed cross-layer support in specific datasets (mQTL/eQTL/pQTL) with overall protective associations. TMEM177 was supported across mQTL and eQTL and exhibited tissue-specific divergence-risk-increasing associations in cerebellar/cortical regions but protective associations in peripheral blood. TMEM177's biology is consistent with a role in complex IV (COX2) assembly, CRAT regulates acetyl-CoA buffering and metabolic flexibility, and PRDX6 contributes to redox homeostasis and membrane repair. Locus-specific CpG variation was directionally aligned with gene expression and ASD risk. Our findings support a structure-metabolism-redox axis-TMEM177, CRAT, and PRDX6-linking mitochondrial regulation to ASD susceptibility.",2025,10.1016/j.jad.2025.120428,41106624,pubmed_graphical_methods; pubmed_multiomics_title_genetic_qtl_candidates,candidate_levels_2_to_4,seek_full_text,,pending,pending,,,,,,,,,,
pubmed:42146410,PEPR-GNN: Perturbation-Enhancer-Promoter-RNA Graph Neural Networks for Multiome Perturb-Seq modeling of regulomes.,"Cellular reprogramming is a complex interplay between perturbations and regulatory elements, culminating in gene expression changes. Current computational approaches do not explicitly model these regulatory interactions. Here, we performed combinatorial reprogramming with cardiac transcription factors, followed by Multiome Perturb-Seq to measure perturbations, open chromatin, and gene expression in individual cells. We then developed PEPR-GNN (Perturbation-Enhancer-Promoter-RNA Graph Neural Network), a theoretical and computational framework to model regulome responses during complex genetic perturbations. By statistically associating gene regulatory relationships, PEPR-GNN organizes genes into regulomes with shared gene regulatory responses to reprogramming, including easy-to-reprogram cardiac genes, difficult-to-reprogram fibroblast genes, and context-specific genes where the impact of a reprogramming factor depends on the presence of others. Finally, we use PEPR-GNN for in silico modeling of how genetic modifications of enhancers can be used to tune gene responses to reprogramming. Overall, through the use of causal perturbation information and an enhancer-aware regulome model of gene regulation, PEPR-GNN can effectively model complex cellular responses to perturbation. Multiome Perturb-Seq of GHMT reprogramming in MEFs with RNA/ATAC-Seq readout.PEPR-GNN: a computational framework to model perturbation-induced regulomes.PEPR-GNN aids the interpretation of regulomes by diverse reprogramming responses.PEPR-GNN enables in silico perturbation to tune gene responses to reprogramming.",2026,10.64898/2026.05.05.722311,42146410,europepmc_preprint_perturbation; pubmed_direct_perturbation; pubmed_explicit_gene_manipulation; pubmed_multiomics_title_specific_perturbation_candidates,candidate_levels_2_to_4,seek_full_text,,pending,pending,,,,,,,,,,
pubmed:39879386,Inferring the genetic relationships between unsupervised deep learning-derived imaging phenotypes and glioblastoma through multi-omics approaches.,"This study aimed to investigate the genetic association between glioblastoma (GBM) and unsupervised deep learning-derived imaging phenotypes (UDIPs). We employed a combination of genome-wide association study (GWAS) data, single-nucleus RNA sequencing (snRNA-seq), and scPagwas (pathway-based polygenic regression framework) methods to explore the genetic links between UDIPs and GBM. Two-sample Mendelian randomization analyses were conducted to identify causal relationships between UDIPs and GBM. Colocalization analysis was performed to validate genetic associations, while scPagwas analysis was used to evaluate the relevance of key UDIPs to GBM at the cellular level. Among 512 UDIPs tested, 23 were found to have significant causal associations with GBM. Notably, UDIPs such as T1-33 (OR = 1.007, 95% CI = 1.001 to 1.012, P = .022), T1-34 (OR = 1.012, 95% CI = 1.001-1.023, P = .028), and T1-96 (OR = 1.009, 95% CI = 1.001-1.019, P = .046) were found to have a genetic association with GBM. Furthermore, T1-34 and T1-96 were significantly associated with GBM recurrence, with P-values < .0001 and P < .001, respectively. In addition, scPagwas analysis revealed that T1-33, T1-34, and T1-96 are distinctively linked to different GBM subtypes, with T1-33 showing strong associations with the neural progenitor-like subtype (NPC2), T1-34 with mesenchymal (MES2) and neural progenitor (NPC1) cells, and T1-96 with the NPC2 subtype. T1-33, T1-34, and T1-96 hold significant potential for predicting tumor recurrence and aiding in the development of personalized GBM treatment strategies.",2024,10.1093/bib/bbaf037,39879386,pubmed_multiomics_two_sample_or_bidirectional_mr_candidates,candidate_levels_2_to_4,seek_full_text,,pending,pending,,,,,,,,,,
pubmed:40880481,Lubiprostone in chronic kidney disease: Insights into mitochondrial function and polyamines from a randomized phase 2 clinical trial.,"Chronic kidney disease (CKD) is a life-threatening condition, and constipation is a progressive risk factor. We evaluated changes in uremic toxins, renal function, and the safety of lubiprostone, a selective chloride channel activator, in patients with CKD. In this phase 2, randomized, double-blind, placebo-controlled trial across nine centers in Japan, 150 patients with stage IIIb-IV CKD received lubiprostone (8 or 16 micrograms) or placebo for 24 weeks. The primary end point was change in indoxyl sulfate levels. Secondary end points included other uremic toxins and renal function markers. Lubiprostone did not alter uremic toxin levels but improved or preserved estimated glomerular filtration rate and its slope in the 16-microgram group. Mild-to-moderate gastrointestinal events occurred in the placebo and 16-microgram groups. Multiomics analysis revealed that lubiprostone modulated the gut microbial agmatine pathway and increased spermidine levels, thereby improving renal mitochondrial function. Lubiprostone is a previously unknown and safe therapeutic option to mitigate renal decline in CKD.",2025,10.1126/sciadv.adw3934,40880481,pubmed_randomized_multiomics_trials,candidate_levels_2_to_4,seek_full_text,,pending,pending,,,,,,,,,,
pubmed:41042380,Integrative genomics and functional immunology reveal Clostridia species as modulators of neuroinflammation in amyotrophic lateral sclerosis.,"This multiomics study investigated causal relationships between the gut microbiota (GM), immune dysregulation, and amyotrophic lateral sclerosis (ALS) pathogenesis using Mendelian randomization (MR) with experimental validation. Analyses incorporated genome-wide data from 87,347 participants (GM: n = 7738; ALS: 20,806 patients, 59,804 controls; immune phenotypes: n = 3757), transcriptomic data from 71 subjects (56 ALS patients, 15 controls), and experimental validation in matched cohorts (n = 6 subjects per group). Two-sample bidirectional MR and mediation analysis were used to evaluate associations. Experimental validation employed flow cytometry for myeloid-derived suppressor cell quantification, enzyme-linked immunosorbent assay for cytokines, and real-time polymerase chain reaction for bacterial validation. Statistical analyses included inverse variance weighted methods with Cohen's d calculations. Sixteen bacterial taxa, including p_Firmicutes.c_Clostridia, displayed protective associations with the risk of ALS, whereas sixteen showed harmful associations. Mediation analysis suggested that p_Firmicutes.c_Clostridia may confer protection through CD33+HLA-DR-myeloid-derived suppressor cell upregulation (23.8% mediation effect). Experimental validation confirmed fewer myeloid-derived suppressor cells in ALS patients (4.0 ± 0.8% vs. 7.5 ± 1.0%, p < 0.001, Cohen's d = 1.4) and lower levels of anti-inflammatory cytokines (TGF-β1: Cohen's d = 1.8, p < 0.001). These findings support causal associations between gut microbial taxa and the ALS risk, which are mediated through immunoregulatory mechanisms, highlighting therapeutic targets within the gut‒immune‒brain axis.",2025,10.1007/s00011-025-02105-5,41042380,pubmed_multiomics_formal_mediation_candidates,candidate_levels_2_to_4,seek_full_text,,pending,pending,,,,,,,,,,
semantic_scholar:7d12a8fad1edd22ef900440a68949b6a44f715b4,AI-driven multi-omics drug repurposing nominates AZD7762 as a multitarget inhibitor of IL22RA1 and FAM221A in esophageal squamous cell carcinoma.,"Esophageal squamous cell carcinoma (ESCC) is an aggressive malignancy with limited targeted treatment options and poor clinical outcomes. We developed an AI-driven multi-omics pipeline that links prognostic modeling to multitarget drug repurposing for ESCC. Summary-data-based Mendelian randomization was integrated with bulk transcriptomic datasets to identify esophageal cancer-related druggable genes that are differentially expressed. Cox regression and non-negative matrix factorization were then used to define prognostic genes and molecular subgroups, and a Lasso Cox model with SHapley Additive explanation provided an interpretable prognostic signature. Single-cell RNA sequencing analysis mapped the hub genes interleukin 22 receptor subunit alpha 1 (IL22RA1) and family with sequence similarity 221 member A (FAM221A) to epithelial cell populations and associated them with proliferative and DNA repair programs, supporting their role in tumor progression, supporting their role in ESCC progression. To translate these targets into a therapeutic strategy, we applied machine learning-based drug sensitivity prediction, ADMET-AI toxicity, pharmacokinetic profiling, and molecular docking, which converged on the checkpoint kinase inhibitor AZD7762 (3-(carbamoylamino)-5-(3-fluorophenyl)-N-[(3S)-piperidin-3-yl] thiophene-2-carboxamide) as a promising multitarget inhibitor of IL22RA1 and FAM221A. In vitro assays confirmed that IL22RA1 and FAM221A promote ESCC cell proliferation, migration, and invasion. Taken together, this AI-driven multi-omics framework delivers a prognostic model, defines biologically distinct ESCC subgroups, and nominates AZD7762 as a rational multitarget drug repurposing candidate, providing a precision oncology strategy.",2026,10.1038/s41698-026-01485-z,42191940,semantic_scholar_strict_smr_heidi,candidate_levels_2_to_4,seek_full_text,,causal_evidence,3,,,,,,,,,,
pubmed:42163891,From locus to gene: causal inference and experimental validation prioritize PSMA4 as a candidate target in lung adenocarcinoma.,"Lung adenocarcinoma (LUAD) remains a leading cause of cancer-related mortality worldwide, and although targeted therapy and immunotherapy have improved clinical outcomes, their long-term efficacy is frequently limited by therapeutic resistance, underscoring the need to identify additional biologically relevant and potentially actionable targets. In this study, we applied summary-data-based Mendelian randomization (SMR) by integrating lung cancer genome-wide association study (GWAS) summary statistics with cis-expression quantitative trait locus (cis-eQTL) and cis-methylation quantitative trait locus (cis-mQTL) datasets to prioritize candidate genes associated with LUAD risk. The robustness of SMR-significant signals was further evaluated using the heterogeneity in dependent instruments (HEIDI) test and Bayesian colocalization analysis. Independent transcriptomic datasets from the Gene Expression Omnibus (GEO), together with multiple public databases, were used for expression and prognostic validation, while protein-protein interaction (PPI) and functional enrichment analyses were performed to provide mechanistic context. Among 13 genes prioritized by integrative genetic analyses, PSMA4 (Proteasome 20S Subunit Alpha 4) emerged as the leading LUAD-relevant candidate on the basis of convergent multi-omics evidence, colocalization support, reproducible overexpression (OE) across independent cohorts, and adverse prognostic association. Functional experiments demonstrated that PSMA4 knockdown (KD) suppressed LUAD cell proliferation, migration, invasion, and xenograft tumor growth, whereas PSMA4 overexpression produced the opposite effects. Mechanistically, PSMA4 interacted with p53 and facilitated the proteasome-dependent turnover of ubiquitinated p53, as supported by co-immunoprecipitation, immunofluorescence, ubiquitination, proteasome inhibition, and cycloheximide chase assays, thereby attenuating p53 signaling. Collectively, these findings support PSMA4 as a biologically relevant and potentially actionable target in LUAD and provide a mechanistic rationale for further translational investigation.",2026,10.62347/xjjz8847,42163891,pubmed_graphical_methods; pubmed_identified_plus_validation,candidate_levels_2_to_4,seek_full_text,,pending,pending,,,,,,,,,,
pubmed:39762147,Multiomics Analysis Reveals Neuroblastoma Molecular Signature Predicting Risk Stratification and Tumor Microenvironment Differences.,"Neuroblastoma (NB) remains associated with high mortality and low initial response rate, especially for high-risk patients, thus warranting exploration of molecular markers for precision risk classifiers. Through integrating multiomics profiling, we identified a range of hub genes involved in cell cycle and associated with dismal prognosis and malignant cells. Single-cell transcriptome sequencing revealed that a subset of malignant cells, subcluster 1, characterized by high proliferation and dedifferentiation, was strongly correlated with the hub gene signature and orchestrated an immunosuppressive tumor microenvironment (TME). Furthermore, we constructed a robust malignant subcluster 1 related signature (MSRS), which was an independent prognostic factor and superior to other clinical characteristics and published signatures. Besides, TME differences conferred remarkably distinct therapeutic responses between high and low MSRS groups. Notably, polo-like kinase-1 (PLK1) was one of the most crucial contributors to MSRS and remarkably correlated with malignant subcluster 1, and PLK1 inhibition was effective for NB treatment as demonstrated by in silico analysis and in vitro experiments. Overall, our study constructs a novel molecular model to further guide the clinical classification and individualized treatment of NB.",2025,10.1021/acs.jproteome.4c00882,39762147,pubmed_multiomics_title_specific_perturbation_candidates,candidate_levels_2_to_4,seek_full_text,,pending,pending,,,,,,,,,,
pubmed:30572270,Impact of dietary fiber supplementation on modulating microbiota-host-metabolic axes in obesity.,"Low dietary fiber intake is associated with higher rates of microbiota-associated chronic diseases such as obesity. Low-fiber diets alter not only microbial composition but also the availability of metabolic end products derived from fermentation of fiber. Our objective was to examine the effects of dietary fiber supplementation on gut microbiota and associated fecal and serum metabolites in relation to metabolic markers of obesity. We conducted a 12-week, single-center, double-blind, placebo-controlled trial with 53 adults with overweight or obesity. They were randomly assigned to a pea fiber (PF, 15 g/d in wafer form; n=29) or control (CO, isocaloric amount of wafers; n=24) group. Blood and fecal samples were collected at baseline and 12 weeks. Serum metabolomics, gut microbiota and fecal short-chain fatty acids (SCFAs) and bile acids (BAs) were examined. Within-group but not between-group analysis showed a significant effect of treatment on serum metabolites at 12 weeks compared to baseline. Fiber significantly altered fecal SCFAs and BAs with higher acetate and reduced isovalerate, cholate, deoxycholate and total BAs content in the PF group compared to baseline. Microbiota was differentially modulated in the two groups, including an increase in the SCFA producer Lachnospira in the PF group and decrease in the CO group. The change in body weight of participants showed a negative correlation with their change in Lachnospira (r=-0.463, P=.006) abundance. The current study provides insight into the actions of pea fiber and its impact on modulating microbiota-host-metabolic axes in obesity.",2018,10.1016/j.jnutbio.2018.11.003,30572270,pubmed_rct_title_anchored_pairwise_omics_candidates,candidate_levels_2_to_4,seek_full_text,,pending,pending,,,,,,,,,,
pubmed:38801257,Dissecting the colocalized GWAS and eQTLs with mediation analysis for high-dimensional exposures and confounders.,"To leverage the advancements in genome-wide association studies (GWAS) and quantitative trait loci (QTL) mapping for traits and molecular phenotypes to gain mechanistic understanding of the genetic regulation, biological researchers often investigate the expression QTLs (eQTLs) that colocalize with QTL or GWAS peaks. Our research is inspired by 2 such studies. One aims to identify the causal single nucleotide polymorphisms that are responsible for the phenotypic variation and whose effects can be explained by their impacts at the transcriptomic level in maize. The other study in mouse focuses on uncovering the cis-driver genes that induce phenotypic changes by regulating trans-regulated genes. Both studies can be formulated as mediation problems with potentially high-dimensional exposures, confounders, and mediators that seek to estimate the overall indirect effect (IE) for each exposure. In this paper, we propose MedDiC, a novel procedure to estimate the overall IE based on difference-in-coefficients approach. Our simulation studies find that MedDiC offers valid inference for the IE with higher power, shorter confidence intervals, and faster computing time than competing methods. We apply MedDiC to the 2 aforementioned motivating datasets and find that MedDiC yields reproducible outputs across the analysis of closely related traits, with results supported by external biological evidence. The code and additional information are available on our GitHub page (https://github.com/QiZhangStat/MedDiC).",2024,10.1093/biomtc/ujae050,38801257,pubmed_causal_mediation; pubmed_genetic_instruments; pubmed_multiomics_formal_mediation_candidates,candidate_exclusion,exclude,not_empirical_study,pending,pending,,,,,,,,,,
pubmed:41372962,A composite biomarker score to predict modified Rodnan skin score in systemic sclerosis: insight from autologous stem cell transplantation international scleroderma trial.,"BACKGROUND: Skin fibrosis is a cardinal manifestation of systemic sclerosis (SSc) and is routinely measured by modified Rodnan skin score (mRSS), which is however limited by its operator-dependence and may not reflect the complex disease biology at the cutaneous compartment. A recent high dimensional multi-omic analysis identified 3 serum proteins independently associated with mRSS: tenascin C (TENC), cartilage oligomeric matrix protein (COMP), and collagen type IV alpha 1 (COL4A1). The aim of our study was to evaluate the relationship between these analytes as cross-sectional and dynamic biomarkers for skin involvement, as well as to capture potential correlations with type of immunosuppressive treatment. METHODS: We selected 21 patients from 2 Dutch centres who participated in the Autologous Stem Cell Transplantation International Scleroderma trial - a phase 3, multicentre, randomized study comparing autologous stem cell transplantation (HSCT) to cyclophosphamide (CYC) in diffuse cutaneous (dc)SSc. Serum concentrations of the three analytes were measured with ELISAs at baseline, 12 and 24 months. We employed linear mixed-effects models to assess cross-sectional correlation between mRSS, analyte concentrations and time. A multivariable linear regression model (independent of time) was used to formulate a composite biomarker score to predict mRSS. RESULTS: There were 11 patients in the CYC arm, and 10 to the HSCT arm. Serum concentrations of COMP and COL4A1, but not TENC, showed significant correlation with mRSS at the mixed model; COL4A1 correlation with mRSS remained significant at multivariable analysis (β = 0.01, p = 0.001). We derived a composite biomarker formula score to predict mRSS with good performance at Bland Altman plot. As dynamic biomarkers, only changes in concentrations of COMP were associated with mRSS change (r = 0.013; p = 0.012). It is notable that there was greater reduction in COL4A1 concentration at 24 months in the HSCT group compared with CYC (-81 ng/mL vs. -27.4 ng/mL in CYC group; p = 0.029). CONCLUSION: Our composite biomarker score showed a moderate cross-sectional correlation with mRSS and potentially complement mRSS in the assessment of skin activity. The differential variations for serum COL4A1 across treatment groups warrant further evaluation as a predictive marker of immunotherapeutic response in dcSSc.",2025,10.1186/s13075-025-03704-7,41372962,pubmed_randomized_multiomics_trials,candidate_exclusion,exclude,not_multiomics_in_measured_or_integrated_data,pending,pending,,,,,,,,,,
semantic_scholar:a727b632026c2918963561a578f40c23320a5bbe,SMR Analysis Integrating GWAS and eQTL Data Reveals UHRF1BP1 and SNRPC as Potential Drug Targets for Low Back Pain,"Purpose: Low back pain (LBP) is a leading cause of disability worldwide with limited effective pharmacotherapies. We aimed to identify novel therapeutic candidate targets for LBP through integrative genomics. Methods: We employed summary-data-based Mendelian randomization (SMR) with GWAS data from FinnGen (13,178 cases/164,682 controls) and tissue-specific expression quantitative trait loci (eQTLs) from peripheral blood (Westra cohort: n = 5,311; 15,636 genes) and brain tissue (UKBEC: n = 134; 16,309 genes). Heterogeneity in dependent instruments (HEIDI) analysis validated causal associations. Candidate targets were further assessed by pathway enrichment, drug prediction, and phenome-wide association studies (PheWAS). Results: Peripheral blood eQTLs identified four genes associated with LBP ( P SMR < 3.2×10 − , HEIDI P > 0.05): BTN2A3P, GFPT1, UHRF1BP1, SNRPC ; brain eQTLs identified four genes associated with LBP ( P SMR < 3.07×10 − , HEIDI P > 0.05): CHST3, DCC, UHRF1BP1, SNRPC . Cross-tissue integration prioritized UHRF1BP1 and SNRPC as consensus candidates. Drug prediction suggested levamisole and taxifolin as potential UHRF1BP1 -modulating compounds. PheWAS indicated low pleiotropic risk, with associations mainly with hypertension and celiac disease. Conclusion: This multi-omics framework prioritizes UHRF1BP1 (involved in epigenetic regulation) and SNRPC (RNA splicing modulator) as mechanistically novel, genetically supported candidate targets for LBP, providing a foundation for future experimental validation and therapeutic development.",2026,10.2147/jpr.s593304,,semantic_scholar_qtl_mr; strict_smr_heidi,candidate_exclusion,seek_full_text,,context_only,0,,,,,,,,,,
pubmed:41984189,"Multi-omics analysis of perfluorooctanoic acid and glioblastoma: insights from Mendelian randomization, network toxicology, and molecular docking.","Glioblastoma (GBM) is the most lethal primary brain tumor with limited treatment options. Perfluorooctanoic acid (PFOA), a ubiquitous ""forever chemical"" classified as a group 1 carcinogen by the IARC, can cross the blood-brain barrier and accumulate in neural tissue. This study aimed to determine the causal relationship between genetically predicted higher circulating PFOA levels and GBM risk, elucidate underlying molecular mechanisms, and identify potential therapeutic targets using an integrated multi-omics framework. Two-sample Mendelian randomization (MR) analysis was conducted using 23 single-nucleotide polymorphisms as instrumental variables. The outcome data were derived from the FinnGen consortium (endpoint C3_GBM, defined by ICD-O-3 morphology code 9440/3 with topography C71), with statistical analysis performed using SAIGE with saddlepoint approximation to address case-control imbalance. Network toxicology was applied to identify shared targets between PFOA and GBM, followed by protein-protein interaction network analysis and hub gene screening. The significance of gene set overlap was assessed using hypergeometric testing. Gene Ontology and KEGG enrichment analyses were performed on the full set of 86 overlapping genes to clarify biological pathways. Molecular docking assessed potential binding interactions between PFOA and hub proteins, and drug-target interaction analysis was conducted using the DGIdb database. MR analysis demonstrated a significant causal association between genetically predicted higher circulating PFOA levels and increased GBM risk (IVW OR = 2.64, 95% CI 1.13-6.20, p = 0.017), with no evidence of pleiotropy or heterogeneity. Network toxicology identified 86 overlapping targets (hypergeometric test p = 2.31 × 10⁻1⁸, OR = 3.12) and 9 hub genes (IL1B, MYC, BCL2, ALB, EGFR, ESR1, IL6, TNF, CASP3). Enrichment analyses of all 86 overlapping genes highlighted the AGE-RAGE signaling pathway, response to xenobiotic stimulus, chemical carcinogenesis-receptor activation, and positive regulation of glial cell proliferation. Molecular docking predicted potential PFOA binding to all hub proteins (binding energy < - 6.0 kcal/mol), with strongest affinities for MYC and TNF. Cisplatin emerged as the top drug repositioning candidate. This study provides the first genetic evidence supporting genetically predicted higher circulating PFOA levels as a causal risk factor for glioblastoma, potentially mediated by AGE-RAGE-driven neuroinflammation and oncogenic pathway activation, highlighting both environmental risk implications and therapeutic opportunities.",2026,10.1007/s00210-026-05285-x,41984189,pubmed_genetic_instruments; pubmed_multiomics_genetic_instrument_candidates; pubmed_multiomics_two_sample_or_bidirectional_mr_candidates,candidate_exclusion,exclude,not_multiomics_in_measured_or_integrated_data,pending,pending,,,,,,,,,,
pubmed:38168026,Integrated multi-omics analyses identify anti-viral host factors and pathways controlling SARS-CoV-2 infection.,"Host anti-viral factors are essential for controlling SARS-CoV-2 infection but remain largely unknown due to the biases of previous large-scale studies toward pro-viral host factors. To fill in this knowledge gap, we perform a genome-wide CRISPR dropout screen and integrate analyses of the multi-omics data of the CRISPR screen, genome-wide association studies, single-cell RNA-Seq, and host-virus proteins or protein/RNA interactome. This study uncovers many host factors that are currently underappreciated, including the components of V-ATPases, ESCRT, and N-glycosylation pathways that modulate viral entry and/or replication. The cohesin complex is also identified as an anti-viral pathway, suggesting an important role of three-dimensional chromatin organization in mediating host-viral interaction. Furthermore, we discover another anti-viral regulator KLF5, a transcriptional factor involved in sphingolipid metabolism, which is up-regulated, and harbors genetic variations linked to COVID-19 patients with severe symptoms. Anti-viral effects of three identified candidates (DAZAP2/VTA1/KLF5) are confirmed individually. Molecular characterization of DAZAP2/VTA1/KLF5-knockout cells highlights the involvement of genes related to the coagulation system in determining the severity of COVID-19. Together, our results provide further resources for understanding the host anti-viral network during SARS-CoV-2 infection and may help develop new countermeasure strategies.",2024,10.1038/s41467-023-44175-1,38168026,pubmed_multiomics_title_specific_perturbation_candidates,candidate_exclusion,exclude,duplicate_same_study_report,pending,pending,,,,,,,,,,
pubmed:41713874,"Effects of Allulose vs Aspartame Consumption on Postprandial Glucagon-Like Peptide-1 Profiles and Metabolic Health: Protocol for a Randomized, Crossover, Double-Blind, Placebo-Controlled Trial.","Excessive sugar consumption is a public health concern. Allulose, a low-calorie sugar with similar functional properties to sucrose, offers potential metabolic benefits. Animal and limited human studies suggest it may stimulate glucagon-like peptide-1 (GLP-1) secretion, improve glucose regulation, and support weight management. However, evidence to substantiate these effects in humans remains scarce. The primary aim of this study, the low-calorie sweetener intervention study allulose (LisA), was to assess differences in the postprandial GLP-1 profile (primary outcome) between an acute intake of allulose and aspartame interventions in healthy adults. Secondary goals included exploratively assessing potential subacute adaptation effects over a 4-week consumption period and evaluating a comprehensive set of parameters as hypothesis-generating findings for future large-scale research. We conducted a randomized, double-blind, placebo-controlled, crossover trial in healthy adults. Participants daily consumed either 3 allulose-sweetened or aspartame-sweetened beverages for 4 weeks in crossover, with a washout in between. Standardized inpatient procedures were conducted at the study baseline and at the beginning and end of each intervention phase. The primary outcome is the postprandial profile of GLP-1. Secondary outcomes include further parameters of gut hormone secretion, insulin sensitivity (Matsuda Index), body composition (body impedance analysis), subjective satiety (visual analog scales), and gastrointestinal tolerance. We also assess multiomic endpoints, including sugaromics and gut microbiome composition. The primary outcome will be analyzed using the incremental area under the curve with a 2-tailed paired t test. All further outcomes (including peak and total area under the curve for GLP-1) will be assessed using linear mixed models. A total of 10 participants (4 female and 6 male; mean age 31.2, SD 6.8 years; BMI 25.1, SD 2.6 kg/m 2 ) completed all study procedures. The sample collection phase was successfully concluded in November 2023. Data processing and statistical analysis for the primary outcome are expected to be completed by June 2026. The comprehensive study protocol, integrating a rigorous crossover design with multiomic analysis, is poised to provide confirmatory evidence for the acute GLP-1 effects of allulose and generate valuable mechanistic hypotheses regarding its subacute metabolic and gut health effects. The findings will contribute to the evidence base required for evaluating allulose's potential role in public health sugar reduction strategies. German Clinical Trials Register DRKS00028521; https://drks.de/search/en/trial/DRKS00028521. DERR1-10.2196/81857.",2026,10.2196/81857,41713874,pubmed_randomized_multiomics_trials,candidate_exclusion,exclude,protocol_or_planned_study,pending,pending,,,,,,,,,,
pubmed:31486672,bAIcis : A Novel Bayesian Network Structural Learning Algorithm and Its Comprehensive Performance Evaluation Against Open-Source Software.,"Structural learning of Bayesian networks (BNs) from observational data has gained increasing applied use and attention from various scientific and industrial areas. The mathematical theory of BNs and their optimization is well developed. Although there are several open-source BN learners in the public domain, none of them are able to handle both small and large feature space data and recover network structures with acceptable accuracy. bAIcis ® is a novel BN learning and simulation software from BERG. It was developed with the goal of learning BNs from ""Big Data"" in health care, often exceeding hundreds of thousands features when research is conducted in genomics or multi-omics. This article provides a comprehensive performance evaluation of bAIcis and its comparison with the open-source BN learners. The study investigated synthetic datasets of discrete, continuous, and mixed data in small and large feature space, respectively. The results demonstrated that bAIcis outperformed the publicly available algorithms in structure recovery precision in almost all of the evaluated settings, achieving the true positive rates of 0.9 and precision of 0.8. In addition, bAIcis supports all data types, including continuous, discrete, and mixed variables. It is effectively parallelized on a distributed system and can work with datasets of thousands of features that are infeasible for any of the publicly available tools with a desired level of recovery accuracy.",2019,10.1089/cmb.2019.0210,31486672,pubmed_graphical_methods,candidate_exclusion,exclude,not_empirical_study,pending,pending,,,,,,,,,,
pubmed:32103319,"Two apples a day modulate human:microbiome co-metabolic processing of polyphenols, tyrosine and tryptophan.","Validated biomarkers of food intake (BFIs) have recently been suggested as a useful tool to assess adherence to dietary guidelines or compliance in human dietary interventions. Although many new candidate biomarkers have emerged in the last decades for different foods from metabolic profiling studies, the number of comprehensively validated biomarkers of food intake is limited. Apples are among the most frequently consumed fruits and a rich source of polyphenols and fibers, an important mediator for their health-protective properties. Using an untargeted metabolomics approach, we aimed to identify biomarkers of long-term apple intake and explore how apples impact on the human plasma and urine metabolite profiles. Forty mildly hypercholesterolemic volunteers consumed two whole apples or a sugar and energy-matched control beverage, daily for 8 weeks in a randomized, controlled, crossover intervention study. The metabolome in plasma and urine samples was analyzed via untargeted metabolomics. We found 61 urine and 9 plasma metabolites being statistically significant after the whole apple intake compared to the control beverage, including several polyphenol metabolites that could be used as BFIs. Furthermore, we identified several endogenous indole and phenylacetyl-glutamine microbial metabolites significantly increasing in urine after apple consumption. The multiomic dataset allowed exploration of the correlations between metabolites modulated significantly by the dietary intervention and fecal microbiota species at genus level, showing interesting interactions between Granulicatella genus and phenyl-acetic acid metabolites. Phloretin glucuronide and phloretin glucuronide sulfate appeared promising biomarkers of apple intake; however, robustness, reliability and stability data are needed for full BFI validation. The identified apple BFIs can be used in future studies to assess compliance and to explore their health effects after apple intake. Moreover, the identification of polyphenol microbial metabolites suggests that apple consumption mediates significant gut microbial metabolic activity which should be further explored.",2020,10.1007/s00394-020-02201-8,32103319,pubmed_randomized_multiomics_trials; pubmed_rct_title_anchored_pairwise_omics_candidates,candidate_exclusion,exclude,not_multiomics_in_measured_or_integrated_data,pending,pending,,,,,,,,,,
pubmed:41771997,Protocol of the randomized double blind sham controlled AddVNS study of transcutaneous vagus nerve stimulation mechanisms in depression.,"Depression is among the most prevalent mental disorders worldwide, carrying one of the highest burden of disease among all mental disorders. While invasive vagus nerve stimulation has been approved for treatment-resistant depression for decades, its clinical use is limited by surgical risks and heterogeneous clinical efficacy. Transcutaneous auricular VNS (tVNS) may offer a non-invasive alternative, but to date it remains experimental due to limited high-quality evidence, unclear biological mechanisms of action, and rudimentary knowledge on optimal stimulation parameters. To address these gaps, we initiated the AddVNS study. The AddVNS study (Add-on tVNS in depression) is a monocentric, exploratory, prospective, randomized, double-blind, sham-controlled interventional trial conducted at the Max Planck Institute of Psychiatry's research hospital. Adult patients with a depressive episode (ICD-10: F31-33) were assigned to receive active or sham transcutaneous vagus nerve stimulation (tVNS) in addition to treatment-as-usual (TAU) over a six-week period. Stimulation is administered three times daily (30 to 60 min each), five days per week. A deep phenotyping strategy is applied, including repeated psychophysiological measures (e.g., pupillometry, ECG, photoplethysmography, electrogastrogram) and neuroimaging (structural and functional MRI) at baseline and post-intervention, continuous actigraphy, repeated blood and stool sample acquisition (pre-, mid-, and post-intervention) for multiomic investigation, comprehensive neuropsychology including self-rated personality assessment, and closely monitored clinical evaluations. The patient-reported outcomes are collected weekly, the clinician-rated scales pre-, mid-, and post-intervention. In addition, follow-up self-ratings are obtained at 6 and 12 weeks post-tVNS. The main objective of AddVNS is to improve our understanding of the biological effects elicited by tVNS in depression. By combining rigorous methodology with an extensive and longitudinal multimodal approach, AddVNS represents the most comprehensive investigation of tVNS effects and markers in depression to date. We believe it to significantly advance our mechanistic understanding and subsequently clinical translation of this promising intervention.",2026,10.1038/s41598-026-42459-2,41771997,pubmed_randomized_multiomics_trials,candidate_exclusion,exclude,protocol_or_planned_study,pending,pending,,,,,,,,,,
pubmed:40993122,Machine learning and data-driven inverse modeling of metabolomics unveil key processes of active aging.,"Physical inactivity and low fitness have become global health concerns. Metabolomics, as an integrative approach, may link fitness to molecular changes. In this study, we analyzed blood metabolomes from elderly individuals under different treatments. By defining two fitness groups and their corresponding metabolite profiles, we applied several machine learning classifiers to identify key metabolite biomarkers. Aspartate consistently emerged as a dominant fitness marker. We further defined a body activity index (BAI) and analyzed two cohorts with high and low BAI using COVRECON, a novel method for metabolic network interaction analysis. COVRECON identifies causal molecular dynamics in multiomics data. Aspartate-amino-transferase (AST) was among the dominant processes distinguishing the groups. Routine blood tests confirmed significant differences in AST and ALT. Aspartate is also a known biomarker in dementia, related to physical fitness. In summary, we combine machine learning and COVRECON to identify metabolic biomarkers and molecular dynamics supporting active aging.",2025,10.1038/s41540-025-00580-4,40993122,pubmed_randomized_multiomics_trials,candidate_exclusion,exclude,not_multiomics_in_measured_or_integrated_data,pending,pending,,,,,,,,,,
pubmed:39047340,"A randomized cross-over trial of prebiotics and probiotics in multiple sclerosis: Trial feasibility, supplement tolerability and symptom abatement.","Dietary supplements can modulate the gut microbial ecosystem and affect the immune system. This has potential implications for autoimmune diseases, including multiple sclerosis (MS). Prior studies explored tolerability, symptomatic improvement, and immunologic effects of probiotics in people with MS (pwMS), but no study has examined prebiotics in this population or compared prebiotics with probiotics. This is a randomized, open-label trial of participants with relapsing-remitting MS on B-cell depletion therapy from two MS centers. 22 participants enrolled in the original cross-over study in which probiotic (Visbiome, containing Lactobacillus, Bifidobacterium and Streptococcus species) or prebiotic (Prebiotin, containing oligofructose enriched inulin) supplementation for 6 weeks was randomized, each followed by a washout period. Due to pandemic-related interruptions and expiration of the study supply of probiotics, another 15 participants enrolled in a single-arm study to receive prebiotic supplementation for 6 weeks followed by a washout period. We assessed supplement tolerability and patient-reported outcomes (PRO) relevant to MS (disability, fatigue, mood, and bowel symptoms) before and after each supplement administration period and each washout period. We bio-archived plasma, serum, peripheral blood mononuclear cells and stool samples at each timepoint for future multi-omic assessment. Prebiotics and probiotics had comparable adherence rates and both supplements were well tolerated in pwMS. Participants on either supplement reported minor adverse events, most of which were mild and self-limited. There was a subjective preference for prebiotics over probiotics. Comparing supplement-associated changes in PRO scores from baseline to 6 weeks post-supplementation, there were significant difference between prebiotics and probiotics for the change in patient-reported global symptom burden (MSRS-R Total) and bowel control (BWCS), but only probiotics statistically improved bowel control from baseline to post-supplementation. Supplementation with either prebiotics or probiotics is reasonably well-tolerated and safe. Probiotics improved bowel control, but did not improve other PROs in a 6-week time frame. These data regarding feasibility, tolerability, adherence, and adverse events of supplements will inform future clinical trial designs to definitively compare the efficacy and safety of prebiotics and probiotics. The biological data that will be generated from this study in the future will provide mechanistic insights into the effects of these dietary supplements on MS pathophysiology.",2024,10.1016/j.msard.2024.105762,39047340,pubmed_randomized_multiomics_trials,candidate_exclusion,exclude,not_multiomics_in_measured_or_integrated_data,pending,pending,,,,,,,,,,
pubmed:36623442,Recent advances of machine learning applications in human gut microbiota study: from observational analysis toward causal inference and clinical intervention.,"Statistical methods, especially machine learning, learning(ML), are pivotal for the analyses of large data generated by multiomics human gut microbiota study. These analyses lead to the discovery of microbe-disease associations. Furthermore, recent efforts for more data transparency and accessible analytical tools improved data availability and study reproducibility. Our recent accumulated knowledge on microbe-disease associations brings light to the next questions: what is the role of microbes in disease progression and how can we apply our knowledge of microbiome in clinical settings? Here, we introduce recent studies that implemented ML to answer the questions of causal inference and clinical translation.",2023,10.1016/j.copbio.2022.102884,36623442,pubmed_graphical_methods,candidate_exclusion,exclude,review_comment_editorial_or_correction,pending,pending,,,,,,,,,,
pubmed:29555466,Non-targeted metabolomic biomarkers and metabotypes of type 2 diabetes: A cross-sectional study of PREDIMED trial participants.,"To characterize the urinary metabolomic fingerprint and multi-metabolite signature associated with type 2 diabetes (T2D), and to classify the population into metabotypes related to T2D. A metabolomics analysis using the 1 H-NMR-based, non-targeted metabolomic approach was conducted to determine the urinary metabolomic fingerprint of T2D compared with non-T2D participants in the PREDIMED trial. The discriminant metabolite fingerprint was subjected to logistic regression analysis and ROC analyses to establish and to assess the multi-metabolite signature of T2D prevalence, respectively. Metabotypes associated with T2D were identified using the k-means algorithm. A total of 33 metabolites were significantly different (P<0.05) between T2D and non-T2D participants. The multi-metabolite signature of T2D comprised high levels of methylsuccinate, alanine, dimethylglycine and guanidoacetate, and reduced levels of glutamine, methylguanidine, 3-hydroxymandelate and hippurate, and had a 96.4% AUC, which was higher than the metabolites on their own and glucose. Amino-acid and carbohydrate metabolism were the main metabolic alterations in T2D, and various metabotypes were identified in the studied population. Among T2D participants, those with a metabotype of higher levels of phenylalanine, phenylacetylglutamine, p-cresol and acetoacetate had significantly higher levels of plasma glucose. The multi-metabolite signature of T2D highlights the altered metabolic fingerprint associated mainly with amino-acid, carbohydrate and microbiota metabolism. Metabotypes identified in this patient population could be related to higher risk of long-term cardiovascular events and therefore require further studies. Metabolomics is a useful tool for elucidating the metabolic complexity and interindividual variation in T2D towards the development of stratified precision nutrition and medicine. Trial registration at www.controlled-trials.com: ISRCTN35739639.",2018,10.1016/j.diabet.2018.02.006,29555466,pubmed_rct_title_anchored_pairwise_omics_candidates,candidate_exclusion,exclude,not_multiomics_in_measured_or_integrated_data,pending,pending,,,,,,,,,,
pubmed:39672986,The CALERIE Genomic Data Resource.,"Caloric restriction (CR) slows biological aging and prolongs healthy lifespan in model organisms. Findings from the CALERIE randomized, controlled trial of long-term CR in healthy, nonobese humans broadly supports a similar pattern of effects in humans. To expand our understanding of the molecular pathways and biological processes underpinning CR effects in humans, we generated a series of genomic datasets from stored biospecimens collected from n = 218 participants during the trial. These data constitute a genomic data resource for a randomized controlled trial of an intervention targeting the biology of aging. Datasets include whole-genome single-nucleotide polymorphism genotypes, and three-timepoint-longitudinal DNA methylation, mRNA and small RNA datasets generated from blood, skeletal muscle and adipose tissue samples (total sample n = 2,327). The CALERIE Genomic Data Resource described in this article is available from the Aging Research Biobank. This multi-tissue, multi-omics, longitudinal data resource has great potential to advance translational geroscience. ClinicalTrials.gov registration: NCT00427193 .",2024,10.1038/s43587-024-00775-0,39672986,pubmed_randomized_multiomics_trials,candidate_exclusion,exclude,not_empirical_study,pending,pending,,,,,,,,,,
pubmed:41136905,HILAMA: High-dimensional multi-omics mediation analysis with latent confounding.,"BACKGROUND: The increasingly available multi-omics datasets have posed both new opportunities and challenges to the development of quantitative methods for discovering novel mechanisms in biomedical research. One natural approach to analyzing such datasets is mediation analysis originated from the causal inference literature. Mediation analysis can help unravel the mechanisms through which exposure(s) exert the effect on outcome(s). However, existing methods fail to consider the case where (1) both exposures and mediators are potentially high-dimensional and (2) it is very likely that some important confounding variables are unmeasured or latent; both issues are quite common in practice. To the best of our knowledge, however, no methods have been developed to address these challenges with statistical guarantees. METHODS: In this article, we propose a new method for HIgh-dimensional LAtent-confounding Mediation Analysis (HILAMA) that considers both high-dimensional exposures and mediators, as well as the possible existence of latent confounding variables. HILAMA employs the Decorrelating & Debiasing method to estimate the individual effects of exposures and mediators on the outcome. A column-wise regression strategy with parallel computing is considered to efficiently estimate the exposure-mediator effect matrix. HILAMA then applies the MinScreen procedure to eliminate non-significant pairs, and the Joint-Significance Testing (JST) method to compute p-values for the retained pairs, controlling the False Discovery Rate (FDR) using the Benjamini-Hochberg (BH) procedure. RESULTS: The proposed method is evaluated through extensive simulation experiments, demonstrating its improved stability in FDR control and superior power in finite sample size compared to existing competitive methods. Furthermore, our method is applied to the proteomics-radiomics data from ADNI, identifying some key proteins and brain regions related to Alzheimer’s disease. These empirical results demonstrate that HILAMA can effectively control FDR and provide valid statistical inference for high dimensional mediation analysis with latent confounding variables under certain assumptions. CONCLUSIONS: HILAMA can effectively control FDR and provide valid statistical inference for high dimensional mediation analysis with latent confounding variables under certain assumptions.",2025,10.1186/s12874-025-02686-z,41136905,pubmed_causal_mediation; pubmed_multiomics_formal_mediation_candidates; pubmed_multiomics_title_causal_mediation_candidates,candidate_exclusion,exclude,not_empirical_study,pending,pending,,,,,,,,,,
pubmed:42315010,A causal inference framework to bridge association and mechanism in the gut-brain axis.,"The gut-brain axis represents a major paradigm shift in how we evaluate diseases in neuroscience, with microbial dysbiosis affecting many neurological and psychiatric disorders. However, the clinical translation of these findings into effective therapies is currently stalled at a methodological impasse. This Causality Conundrum arises due to the fact that current models fail to resolve the bidirectional noise and cyclic feedback loops inherent in the gut-brain axis. These insufficiencies have made the field rely on cross-sectional cohorts and functionally blind 16S rRNA sequencing, creating a Resolution-Causality Gap, trapping the field in a cycle of correlation. Therefore, this perspective study argues for a new framework ""Causality Funnel"" for establishing causality in microbiome research. The framework introduces a multi-staged resource-prioritization protocol rooted in the epidemiological principle of triangulation. It prioritizes human-centric discovery using powerful causal inference methods like Mendelian Randomization, followed by multi-omics for molecular mechanism identification, and concluding with definitive validation in reductionist gnotobiotic models. By strategically using resource intensive research only on high-confidence hypotheses the field can move from human data to validating mechanisms through resource-efficient discovery. Furthermore, by anchoring this protocol in disease exemplars such as pediatric epilepsy and neurodevelopmental trajectories the field can navigate in a much more effective way, providing a road map that moves beyond just finding associations and accelerating the development of a new generation of targeted, evidence-based neurotherapeutics.",2026,10.1016/j.pnpbp.2026.111797,42315010,pubmed_graphical_methods,candidate_exclusion,exclude,not_empirical_study,pending,pending,,,,,,,,,,
pubmed:38639006,Mendelian randomization: causal inference leveraging genetic data.,"Mendelian randomization (MR) leverages genetic information to examine the causal relationship between phenotypes allowing for the presence of unmeasured confounders. MR has been widely applied to unresolved questions in epidemiology, making use of summary statistics from genome-wide association studies on an increasing number of human traits. However, an understanding of essential concepts is necessary for the appropriate application and interpretation of MR. This review aims to provide a non-technical overview of MR and demonstrate its relevance to psychiatric research. We begin with the origins of MR and the reasons for its recent expansion, followed by an overview of its statistical methodology. We then describe the limitations of MR, and how these are being addressed by recent methodological advances. We showcase the practical use of MR in psychiatry through three illustrative examples - the connection between cannabis use and psychosis, the link between intelligence and schizophrenia, and the search for modifiable risk factors for depression. The review concludes with a discussion of the prospects of MR, focusing on the integration of multi-omics data and its extension to delineating complex causal networks.",2024,10.1017/s0033291724000321,38639006,pubmed_genetic_instruments; pubmed_graphical_methods; pubmed_multiomics_genetic_instrument_candidates,candidate_exclusion,exclude,review_comment_editorial_or_correction,pending,pending,,,,,,,,,,
pubmed:41146314,"The development of a clinical prediction model for response to methotrexate, tofacitinib, and etanercept in patients with Psoriatic Arthritis.","The aim of this study was to use clinical data to develop a prediction model for treatment response, comparing tofacitinib to methotrexate or etanercept in individual patients with Psoriatic Arthritis. Data from the development cohort (n = 80) of the TOFA-PREDICT trial were used. The cohort included PsA patients naïve to disease-modifying antirheumatic drugs (DMARDs) randomised to tofacitinib (n = 20) or methotrexate (n = 20), and patients failing conventional synthetic DMARD (csDMARD) treatment randomised to add-on tofacitinib (n = 20) or etanercept (n = 20). Treatment response was defined as achievement of minimal disease activity at week 16. Elastic net regression was used to select relevant baseline predictors in the complete cohort and in treatment subgroups. Using Ridge regression with different modelling strategies, three prediction models were developed and compared. Based on performance, a final model was selected. Increased Health Assessment Questionnaire score, increased tender joint count, increased Leeds Enthesitis Index score, decreased VAS global assessment by physician and previous Tumour Necrosis Factor alpha inhibitor treatment were selected as predictors for non-response. The final cross-validated model had an AUC-ROC of 0.76 and predicted clinically relevant differences in response to the compared treatments. The predicted probability of response was higher for methotrexate compared to tofacitinib in 85% of DMARD naïve patients. The predicted probability of response was higher for etanercept compared to tofacitinib in all patients failing csDMARD treatment. Our results support the use of baseline clinical data for prediction of response to different treatments. We intend to validate this prediction model and to assess the additional predictive value of imaging and multi-omics biomarkers in future analyses. EudraCT Trial registration number 2017-003900-28, registration date January 25th 2018.",2025,10.1186/s13075-025-03660-2,41146314,pubmed_randomized_multiomics_trials,candidate_exclusion,exclude,not_multiomics_in_measured_or_integrated_data,pending,pending,,,,,,,,,,
pubmed:36994731,Multiomic Analysis and CRISPR Perturbation Screens Identify Endothelial Cell Programs and Novel Therapeutic Targets for Coronary Artery Disease.,"Endothelial cells (EC) are an important mediator of atherosclerosis and vascular disease. Their exposure to atherogenic risk factors such as hypertension and serum cholesterol leads to endothelial dysfunction and many disease-associated processes. Identifying which of these multiple EC functions is causally related to disease risk has been challenging. There is evidence from in vivo models and human sequencing studies that dysregulation of nitric oxide production directly affects risk of coronary artery disease. Human genetics can help prioritize the other EC functions with causal relationships because germline mutations are acquired at birth and serve as a randomized test of which pathways affect disease risk. Though several coronary artery disease risk variants have been linked to EC function, this process has been slow and laborious. Unbiased analyses of EC dysfunction using multiomic approaches promise to identify the causal genetic mechanisms responsible for vascular disease. Here, we review the data from genomic, epigenomic, and transcriptomic studies that prioritize EC-specific causal pathways. New methods that CRISPR (clustered regularly interspaced short palindromic repeats) perturbation technology with genomic, epigenomic, and transcriptomic analysis promise to speed up the characterization of disease-associated genetic variation. We summarize several recent studies in ECs which use high-throughput genetic perturbation to identify disease-relevant pathways and novel mechanisms of disease. These genetically validated pathways can accelerate the identification of drug targets for the prevention and treatment of atherosclerosis.",2023,10.1161/atvbaha.123.318328,36994731,pubmed_direct_perturbation; pubmed_explicit_gene_manipulation; pubmed_multiomics_title_specific_perturbation_candidates,candidate_exclusion,exclude,review_comment_editorial_or_correction,pending,pending,,,,,,,,,,
pubmed:30987986,"Does exercise impact gut microbiota composition in men receiving androgen deprivation therapy for prostate cancer? A single-blinded, two-armed, randomised controlled trial.","A potential link exists between prostate cancer (PCa) disease and treatment and increased inflammatory levels from gut dysbiosis. This study aims to examine if exercise favourably alters gut microbiota in men receiving androgen deprivation therapy (ADT) for PCa. Specifically, this study will explore whether: (1) exercise improves the composition of gut microbiota and increases the abundance of bacteria associated with health promotion and (2) whether gut health correlates with favourable inflammatory status, bowel function, continence and nausea among patients participating in the exercise intervention. A single-blinded, two-armed, randomised controlled trial will explore the influence of a 3-month exercise programme (3 days/week) for men with high-risk localised PCa receiving ADT. Sixty patients will be randomly assigned to either exercise intervention or usual care. The primary endpoint (gut health and function assessed via feacal samples) and secondary endpoints (self-reported quality of life via standardised questionnaires, blood biomarkers, body composition and physical fitness) will be measured at baseline and following the intervention. A variety of statistical methods will be used to understand the covariance between microbial diversity and metabolomics profile across time and intervention. An intention-to-treat approach will be utilised for the analyses with multiple imputations followed by a secondary sensitivity analysis to ensure data robustness using a complete cases approach. Ethics approval was obtained from the Human Research Ethics Committee of Edith Cowan University (ID: 19827 NEWTON). Findings will be reported in peer-reviewed publications and scientific conferences in addition to working with national support groups to translate findings for the broader community. If exercise is shown to result in favourable changes in gut microbial diversity, composition and metabolic profile, and reduce gastrointestinal complications in PCa patients receiving ADT, this study will form the basis of a future phase III trial. ANZCTR12618000280202.",2019,10.1136/bmjopen-2018-024872,30987986,pubmed_rct_title_anchored_pairwise_omics_candidates,candidate_exclusion,exclude,protocol_or_planned_study,pending,pending,,,,,,,,,,
pubmed:39965269,Almond consumption for 8 weeks differentially modulates metabolomic responses to an acute glucose challenge compared to crackers in young adults.,"This study investigated the dynamic responses to an acute glucose challenge after 8 weeks of almond or cracker consumption (clinicaltrials.gov ID: NCT03084003). Young adults (n = 73, age: 18-19 years, BMI: 18-41 kg/m 2 ) participated in an 8-week randomized, controlled, parallel-arm intervention and were assigned to consume either almonds (2 oz/d, n = 38) or an isocaloric control snack of graham crackers (325 kcal/d, n = 35) daily. Twenty participants from each group underwent a 2-hour oral glucose tolerance test (oGTT) at the end of the intervention. Metabolite abundances in the oGTT serum samples were quantified using untargeted metabolomics, and targeted analyses for free PUFAs, total fatty acids, oxylipins, and endocannabinoids. We hypothesized that 8-week almond consumption would differentially modulate the metabolomic response to a glucose challenge compared to crackers. Multivariate, univariate, and chemical enrichment analyses were conducted to identify significant metabolic shifts. Findings exhibit a biphasic lipid response with higher levels of unsaturated triglycerides earlier in the oGTT followed by lower levels later in the almond vs cracker group (p-value <.05, chemical enrichment analyses). Almond (vs cracker) consumption was also associated with higher AUC 120 min of aminomalonate, and oxylipins (P-value <.05), but lower AUC 120 min of l-cystine, N-acetylmannosamine, and isoheptadecanoic acid (P-value <.05). Additionally, the Matsuda Index in the almond group correlated with AUC 120 min of CE 22:6 (r = -0.46; P-value <.05) and 12,13 DiHOME (r = 0.45; P-value <.05). Almond consumption for 8 weeks leads to dynamic, differential shifts in response to an acute glucose challenge, marked by alterations in lipid and amino acid mediators involved in metabolic and physiological pathways.",2025,10.1016/j.nutres.2025.01.003,39965269,pubmed_rct_title_anchored_pairwise_omics_candidates,candidate_exclusion,exclude,not_multiomics_in_measured_or_integrated_data,pending,pending,,,,,,,,,,
pubmed:38666214,CWGCNA : an R package to perform causal inference from the WGCNA framework.,"WGCNA (weighted gene co-expression network analysis) is a very useful tool for identifying co-expressed gene modules and detecting their correlations to phenotypic traits. Here, we explored more possibilities about it and developed the R package CWGCNA (causal WGCNA ), which works from the traditional WGCNA pipeline but mines more information. It couples a mediation model with WGCNA , so the causal relationships among WGCNA modules, module features, and phenotypes can be found, demonstrating whether the module change causes the phenotype change or vice versa . After that, when annotating the module gene set functions, it uses a novel network-based method, considering the modules' topological structures and capturing their influence on the gene set functions. In addition to conducting these biological explorations, CWGCNA also contains a machine learning section to perform clustering and classification on multi-omics data, given the increasing popularity of this data type. Some basic functions, such as differential feature identification, are also available in our package. Its effectiveness is proved by the performance on three single or multi-omics datasets, showing better performance than existing methods. CWGCNA is available at: https://github.com/yuabrahamliu/CWGCNA.",2024,10.1093/nargab/lqae042,38666214,pubmed_graphical_methods,candidate_exclusion,exclude,not_empirical_study,pending,pending,,,,,,,,,,
pubmed:35212359,Simultaneous test and estimation of total genetic effect in eQTL integrative analysis through mixed models.,"Integration of expression quantitative trait loci (eQTL) into genome-wide association studies (GWASs) is a promising manner to reveal functional roles of associated single-nucleotide polymorphisms (SNPs) in complex phenotypes and has become an active research field in post-GWAS era. However, how to efficiently incorporate eQTL mapping study into GWAS for prioritization of causal genes remains elusive. We herein proposed a novel method termed as Mixed transcriptome-wide association studies (TWAS) and mediated Variance estimation (MTV) by modeling the effects of cis-SNPs of a gene as a function of eQTL. MTV formulates the integrative method and TWAS within a unified framework via mixed models and therefore includes many prior methods/tests as special cases. We further justified MTV from another two statistical perspectives of mediation analysis and two-stage Mendelian randomization. Relative to existing methods, MTV is superior for pronounced features including the processing of direct effects of cis-SNPs on phenotypes, the powerful likelihood ratio test for assessment of joint effects of cis-SNPs and genetically regulated gene expression (GReX), two useful quantities to measure relative genetic contributions of GReX and cis-SNPs to phenotypic variance, and the computationally efferent parameter expansion expectation maximum algorithm. With extensive simulations, we identified that MTV correctly controlled the type I error in joint evaluation of the total genetic effect and proved more powerful to discover true association signals across various scenarios compared to existing methods. We finally applied MTV to 41 complex traits/diseases available from three GWASs and discovered many new associated genes that had otherwise been missed by existing methods. We also revealed that a small but substantial fraction of phenotypic variation was mediated by GReX. Overall, MTV constructs a robust and realistic modeling foundation for integrative omics analysis and has the advantage of offering more attractive biological interpretations of GWAS results.",2022,10.1093/bib/bbac038,35212359,pubmed_multiomics_formal_mediation_candidates,candidate_exclusion,exclude,not_empirical_study,pending,pending,,,,,,,,,,
pubmed:30583518,Navy Beans Impact the Stool Metabolome and Metabolic Pathways for Colon Health in Cancer Survivors.,"Colorectal cancer (CRC) is the third leading cause of cancer-related death in the United States and emerging evidence supports that increased consumption of legumes, such as navy beans, can reduce risk. Navy bean consumption was previously shown to modulate host and microbiome metabolism, and this investigation was performed to assess the impact on the human stool metabolome, which includes the presence of navy bean metabolites. This 4-week, randomized-controlled trial with overweight and obese CRC survivors involved consumption of 1 meal and 1 snack daily. The intervention contained 35 g of cooked navy bean or macronutrient matched meals and snacks with 0 g of navy beans for the control group ( n = 18). There were 30 statistically significant metabolite differences in the stool of participants that consumed navy bean at day 28 compared to the participants' baseline ( p ≤ 0.05) and 26 significantly different metabolites when compared to the control group. Of the 560 total metabolites identified from the cooked navy beans, there were 237 possible navy bean-derived metabolites that were identified in the stool of participants consuming navy beans, such as N -methylpipecolate, 2-aminoadipate, piperidine, and vanillate. The microbial metabolism of amino acids and fatty acids were also identified in stool after 4 weeks of navy bean intake including cadaverine, hydantoin-5 propionic acid, 4-hydroxyphenylacetate, and caprylate. The stool relative abundance of ophthalmate increased 5.25-fold for navy bean consumers that can indicate glutathione regulation, and involving cancer control mechanisms such as detoxification of xenobiotics, antioxidant defense, proliferation, and apoptosis. Metabolic pathways involving lysine, and phytochemicals were also modulated by navy bean intake in CRC survivors. These metabolites and metabolic pathways represent an acute response to increased navy bean intake, which merit further investigation for improving colonic health after long-term consumption.",2018,10.3390/nu11010028,30583518,pubmed_rct_title_anchored_pairwise_omics_candidates,candidate_exclusion,exclude,not_multiomics_in_measured_or_integrated_data,pending,pending,,,,,,,,,,
pubmed:41535716,Disentangling direct and pleiotropic SNP effects in alfalfa (Medicago sativa L.) using causal graph learning.,"Alfalfa (Medicago sativa L.) is a critical forage crop whose improvement depends on resolving the complex genetic architecture of agronomic traits. While genome-wide association studies (GWAS) effectively identify statistically associated markers, they often fail to distinguish direct genetic effectors from indirect or pleiotropic signals arising from linkage disequilibrium and population structure. Here, we present a causal graph based genomic discovery framework that integrates de-confounded feature screening with causal graph learning to infer directional dependency structures from observational genomic data. Using Double Machine Learning to control for confounding and the PC algorithm for structural learning, we construct directed acyclic graphs that distinguish Direct Parent SNPs (DPSs), representing local effectors within the Markov Blanket of a trait, from Upstream Hub SNPs (UHSs), representing pleiotropic regulators with broad network connectivity. Applied to four stem-related traits in alfalfa, the framework reduces genome-wide associations to compact, interpretable causal-consistent networks. Predictive validation demonstrates that DPSs consistently outperform both upstream UHSs and random controls, confirming their role as precise trait-specific biomarkers, while UHSs exhibit limited direct predictive power consistent with signal dilution along causal pathways. Together, these results demonstrate that causal graph learning can act as a biologically grounded regularizer for GWAS in polyploid crops, enabling principled marker prioritization and providing a structural foundation for future multi-omics integration.",2026,10.1038/s41598-026-35876-w,41535716,pubmed_graphical_methods,candidate_exclusion,exclude,not_multiomics_in_measured_or_integrated_data,pending,pending,,,,,,,,,,
pubmed:33040018,Cohort profile: molecular signature in pregnancy (MSP): longitudinal high-frequency sampling to characterise cross-omic trajectories in pregnancy in a resource-constrained setting.,"A successful pregnancy relies on the interplay of various biological systems. Deviations from the norm within a system or intersystemic interactions may result in pregnancy-associated complications and adverse pregnancy outcomes. Systems biology approaches provide an avenue of unbiased, in-depth phenotyping in health and disease. The molecular signature in pregnancy (MSP) cohort was established to characterise longitudinal, cross-omic trajectories in pregnant women from a resource constrained setting. Downstream analysis will focus on characterising physiological perturbations in uneventful pregnancies, pregnancy-associated complications and adverse outcomes. First trimester pregnant women of Karen or Burman ethnicity were followed prospectively throughout pregnancy, at delivery and until 3 months post partum. Serial high-frequency sampling to assess whole blood transcriptomics and microbiome composition of the gut, vagina and oral cavity, in conjunction with assessment of gene expression and microbial colonisation of gestational tissue, was done for all cohort participants. 381 women with live born singletons averaged 16 (IQR 15-18) antenatal visits (13 094 biological samples were collected). At 5% (19/381) the preterm birth rate was low. Other adverse events such as maternal febrile illness 7.1% (27/381), gestational diabetes 13.1% (50/381), maternal anaemia 16.3% (62/381), maternal underweight 19.2% (73/381) and a neonate born small for gestational age 20.2% (77/381) were more often observed than preterm birth. Results from the MSP cohort will enable in-depth characterisation of cross-omic molecular trajectories in pregnancies from a population in a resource-constrained setting. Moreover, pregnancy-associated complications and unfavourable pregnancy outcomes will be investigated at the same granular level, with a particular focus on population relevant needs such as effect of tropical infections on pregnancy. More detailed knowledge on multiomic perturbations will ideally result in the development of diagnostic tools and ultimately lead to targeted interventions that may disproportionally benefit pregnant women from this resource-limited population. NCT02797327.",2020,10.1136/bmjopen-2020-041631,33040018,pubmed_randomized_multiomics_trials,candidate_exclusion,exclude,not_empirical_study,pending,pending,,,,,,,,,,
pubmed:41805929,TEffectBayes: a nextflow pipeline for exploring the potential effect of transposable elements in gene regulatory network with multi-omic Bayesian network model.,"Transposable elements (TEs) are critical contributors to gene regulatory networks, yet their repetitive and abundant nature complicates efforts to elucidate their precise regulatory roles. While existing computational tools facilitate systematic identification of associations between TEs and gene expression, these methods typically cannot account for confounding variables or capture causal and directional interactions. To address these limitations, we developed TEffectBayes, a Nextflow-based pipeline leveraging a multi-omic Bayesian network (BN) framework designed to systematically infer directional, probabilistic regulatory dependencies involving TEs. TEffectBayes integrates diverse omics datasets, including RNA-seq-derived gene and locus-specific TE expression, along with ChIP-seq-based histone modification data processed via custom R and Python scripts. Integrated multi-omic datasets are subsequently employed to build gene-centric Bayesian models, enabling robust inference of context-dependent, probabilistic relationships between TEs, chromatin modifications, and gene expression. TEffectBayes thus provides a reproducible and scalable computational framework for unraveling the complex regulatory landscape shaped by TEs. In summary, TEffectBayes supports systematic prioritization of TE–chromatin–gene regulatory candidates for downstream benchmarking and experimental validation, enabling hypothesis-driven follow-up studies in diverse biological contexts. The pipeline, along with comprehensive user tutorials and example datasets, is publicly accessible at https://github.com/nkaan-kutlu/TEffectBayes .",2026,10.1007/s00438-026-02365-8,41805929,pubmed_graphical_methods,candidate_exclusion,exclude,not_empirical_study,pending,pending,,,,,,,,,,
pubmed:42394776,Genetic and biological determinants of pulmonary embolism: Insights from Mendelian randomization studies.,"Pulmonary embolism (PE) is a common and potentially fatal thromboembolic disease contributing to a major global public health burden. Its pathogenesis involves multiple hemodynamic, inflammatory, metabolic, and genetic factors. The multifactorial nature of PE makes it difficult to infer the direct effects of risk factors using conventional statistical approaches because of potential confounding and reverse causality. Mendelian randomization (MR) uses genetic variants as instrumental variables to strengthen causal inference. This narrative review synthesizes the available MR literature concerning potential causative factors of PE, with particular emphasis on genetic and biological pathways. MR evidence suggests that matrix metalloproteinases (MMP)-19 may be associated with increased PE susceptibility, whereas MMP-12 may be associated with decreased susceptibility. Impaired kidney function showed a positive association with PE risk, and reduced HLA-DR + NK cell traits were linked to PE pathogenesis. Among gut microbiota, Clostridium innocuum was associated with increased PE risk, whereas Butyricicoccus and Actinobacteria showed protective associations. No consistent causal associations were identified for type 2 diabetes, atrial fibrillation, or epigenetic age acceleration. Larger multiethnic studies integrating multi-omics data are needed to clarify mechanisms underlying PE pathogenesis.",2026,10.5493/wjem.v16.i2.121046,42394776,pubmed_genetic_instruments; pubmed_multiomics_genetic_instrument_candidates,candidate_exclusion,exclude,review_comment_editorial_or_correction,pending,pending,,,,,,,,,,
pubmed:30647436,"A pilot study of the effect of phospholipid curcumin on serum metabolomic profile in patients with non-alcoholic fatty liver disease: a randomized, double-blind, placebo-controlled trial.","Curcumin, a natural polyphenol compound in the spice turmeric, has been found to have potent anti-oxidative and anti-inflammatory activity. Curcumin may treat non-alcoholic fatty liver disease (NAFLD) through its beneficial effects on biomarkers of oxidative stress (OS) and inflammation, which are considered as two feature of this disease. However, the effects of curcumin on NAFLD have been remained poorly understood. This investigation evaluated the effects of administrating curcumin on metabolic status in NAFLD patients. Fifty-eight NAFLD patients participated in a randomized, double-blind, placebo-controlled parallel design of study. The subjects were allocated randomly into two groups, which either received 250 mg phospholipid curcumin or placebo, one capsule per day for a period of 8 weeks. Fasting blood samples were taken from each subject at the start and end of the study period. Subsequently, metabolomics analysis was performed for serum samples using NMR. Compared with the placebo, supplementing phospholipid curcumin resulted in significant decreases in serum including 3- methyl-2-oxovaleric acid, 3-hydroxyisobutyrate, kynurenine, succinate, citrate, α-ketoglutarate, methylamine, trimethylamine, hippurate, indoxyl sulfate, chenodeoxycholic acid, taurocholic acid, and lithocholic acid. This profile of metabolic biomarkers could distinguish effectively NAFLD subjects who were treated with curcumin and placebo groups, achieving value of 0.99 for an area under receiver operating characteristic curve (AUC). Characterizing the serum metabolic profile of the patients with NAFLD at the end of the intervention using NMR-based metabolomics method indicated that the targets of curcumin treatment included some amino acids, TCA cycle, bile acids, and gut microbiota.",2019,10.1038/s41430-018-0386-5,30647436,pubmed_rct_title_anchored_pairwise_omics_candidates,candidate_exclusion,exclude,not_multiomics_in_measured_or_integrated_data,pending,pending,,,,,,,,,,
pubmed:41160874,KnockRBP: an integrated multi-omics database of functional perturbation profiles for RNA-binding proteins.,"RNA-binding proteins (RBPs) regulate diverse post-transcriptional processes, yet their functional impacts across multiple molecular layers remain incompletely characterized. KnockRBP (https://knockrbp.xu-bioinfo.com) is presented as a comprehensive, multi-omics database systematically cataloging regulatory changes resulting from genetic perturbation of RBPs. The resource integrates 1453 datasets from GEO, ENA, and ENCORE, encompassing RNA-seq, Ribo-seq, microRNA (miRNA)-seq, and 3'RACE-seq across 639 RBPs, 182 cell lines, and 61 diseases. Regulatory outcomes covered include alternative splicing, alternative polyadenylation, RNA editing, transcript abundance, translation efficiency, and miRNA expression, with all events processed through standardized analytical pipelines and annotated with open reading frame consequences, predicted loss-of-function impacts, and established disease or drug associations. The web interface supports dataset browsing, RBP- and gene-centric multi-omics exploration, transcript structure visualization, and interactive regulatory network navigation, while integrated analytical modules enable prioritization of perturbation-responsive events, cross-layer regulatory inference, and evaluation of clinical relevance. In contrast to existing RBP resources, KnockRBP integrates multi-omics data with perturbation-aware functional annotation, enabling mechanistic investigation and identification of RBP-affected genes and events in post-transcriptional regulation. The database is freely accessible and intended for long-term maintenance, serving as a community resource to advance functional genomics research on RBPs and their roles in human disease.",2026,10.1093/nar/gkaf1059,41160874,pubmed_multiomics_title_specific_perturbation_candidates,candidate_exclusion,exclude,not_empirical_study,pending,pending,,,,,,,,,,
pubmed:32152146,Genistein stimulates insulin sensitivity through gut microbiota reshaping and skeletal muscle AMPK activation in obese subjects.,"Obesity is associated with metabolic abnormalities, including insulin resistance and dyslipidemias. Previous studies demonstrated that genistein intake modifies the gut microbiota in mice by selectively increasing Akkermansia muciniphila , leading to reduction of metabolic endotoxemia and insulin sensitivity. However, it is not known whether the consumption of genistein in humans with obesity could modify the gut microbiota reducing the metabolic endotoxemia and insulin sensitivity. 45 participants with a Homeostatic Model Assessment (HOMA) index greater than 2.5 and body mass indices of ≥30 and≤40 kg/m 2 were studied. Patients were randomly distributed to consume (1) placebo treatment or (2) genistein capsules (50 mg/day) for 2 months. Blood samples were taken to evaluate glucose concentration, lipid profile and serum insulin. Insulin resistance was determined by means of the HOMA for insulin resistance (HOMA-IR) index and by an oral glucose tolerance test. After 2 months, the same variables were assessed including a serum metabolomic analysis, gut microbiota, and a skeletal muscle biopsy was obtained to study the gene expression of fatty acid oxidation. In the present study, we show that the consumption of genistein for 2 months reduced insulin resistance in subjects with obesity, accompanied by a modification of the gut microbiota taxonomy, particularly by an increase in the Verrucomicrobia phylum. In addition, subjects showed a reduction in metabolic endotoxemia and an increase in 5'-adenosine monophosphate-activated protein kinase phosphorylation and expression of genes involved in fatty acid oxidation in skeletal muscle. As a result, there was an increase in circulating metabolites of β-oxidation and ω-oxidation, acyl-carnitines and ketone bodies. Change in the gut microbiota was accompanied by an improvement in insulin resistance and an increase in skeletal muscle fatty acid oxidation. Therefore, genistein could be used as a part of dietary strategies to control the abnormalities associated with obesity, particularly insulin resistance; however, long-term studies are needed.",2020,10.1136/bmjdrc-2019-000948,32152146,pubmed_rct_title_anchored_pairwise_omics_candidates,candidate_exclusion,exclude,not_multiomics_in_measured_or_integrated_data,pending,pending,,,,,,,,,,
europepmc:PPR:PPR1277525,Mapping Genetic Susceptibility to Urinary Tract Infection from Kidney Papilla to Bladder,"<h4>ABSTRACT</h4> Urinary tract infections (UTIs) are among the most common bacterial infections, yet the genetic factors influencing susceptibility remain poorly understood. We performed a genome-wide association study of recurrent UTI involving 1,860,836 individuals (213,869 cases and 1,646,967 controls). We identified 36 independent non-HLA genome-wide significant loci encoding kidney epithelial and immune response genes and demonstrated that some loci have sex-specific effects. Integrative functional annotation, expression and protein quantitative trait locus colocalization, and single-cell multi-omic analyses revealed that UTI risk alleles preferentially modulated gene expression in kidney, ureter, and bladder epithelia. Multi-omic prioritization converged on a number of pathogenic pathways: epithelial barrier and mucosal glycocalyx defense ( PSCA , UMOD , CLPTM1L , FUT2 ), innate immune regulation ( FES , PTPRC , NEK7, HOTAIR, NFATC1, BTN3A2 ), infection resolution and regulated cell death ( STK3 , CASP7 , TAX1BP1, ZFP36L2 ), epithelial identity maintenance ( GLIS2 , CLDN10 , ZFHX3, SPDEF, MPP7 ), urinary tract development ( FGFR2 , BMP7 , HGF , MET , HOXA9, TSHZ2, WNT7B/LINC00899 ), and nutritional immunity through iron sequestration ( SLC11A2, FAM210B, RPS10 ). Approximately one-third of loci colocalized with gene expression in kidney tubules, suggesting direct modulation of epithelial host-defense programs. Among all loci, PSCA , which encodes a GPI-anchored epithelial surface protein expressed in the kidney papilla and urinary tract epithelia, emerged as the strongest candidate causal gene. We demonstrated that PSCA was secreted into urine, bound uropathogenic E. coli , and inhibited bacterial growth in vitro , implicating it as a constitutive epithelial defense factor. We also demonstrated that while PSCA was protective against urinary infections and duodenal ulcers, it was associated with increased risk of bladder, prostate, and gastric cancers, suggesting antagonistic pleiotropy between mucosal defenses and oncogenesis. Together, our findings define the polygenic architecture of UTI susceptibility, highlighting epithelial surface defense, innate immune regulation, developmental patterning, and nutritional immunity as central components of host defense, providing a new framework for host-directed, non-antibiotic interventions.",2026,10.64898/2026.07.07.26357417,,europepmc_qtl_anchored_colocalization; europepmc_qtl_anchored_language,candidate_exclusion,seek_full_text,,associational,1,,,,,,,,,,
europepmc:MED:41526633,Uncovering pleiotropic loci linking keratoconus and allergic diseases through integrative genomic analyses.,"Keratoconus (KC) is a progressive corneal disease increasingly linked to immune dysregulation. Epidemiological studies have suggested comorbidity between KC and allergic diseases such as atopic dermatitis (AD), allergic conjunctivitis (AC), allergic rhinitis (AR), and allergic asthma (AA), yet their shared genetic mechanisms remain unclear. To investigate the shared genetic architecture between KC and four common allergic conditions, we integrated genome-wide association study (GWAS) summary statistics using a multi-omics framework. We applied linkage disequilibrium score regression (LDSC) and high-definition likelihood (HDL) to assess genome-wide genetic correlations. Pleiotropic variants were identified using the PLACO method and functionally annotated with FUMA. Bayesian colocalization and local genetic correlation analyses were conducted to pinpoint shared causal loci. Gene-level associations and pathway enrichment were explored using MAGMA and SMR, and potential regulatory effects were assessed through eQTL mapping and functional databases. All four allergic diseases showed significant positive genetic correlations with KC. PLACO identified 451 pleiotropic SNPs, including 44 independent risk loci. Eight loci showed strong colocalization (PPH4 > 0.8), notably 8q21.13 and 10p14. Functional annotation revealed several variants with regulatory or deleterious potential, such as rs73220641 (KLF5) and rs17686636 (GATA3). MAGMA and SMR prioritized SMAD3, IL18R1, and PCNXL3 as pleiotropic genes, enriched in immune tissues and inflammatory pathways. This multi-omics study uncovers shared genetic loci and immune-related pathways between KC and allergic diseases. The results highlight epithelial barrier dysfunction and immune regulation as converging mechanisms and propose pleiotropic genes as potential therapeutic targets.",2026,10.1038/s41598-025-34146-5,41526633,europepmc_qtl_anchored_colocalization; europepmc_qtl_anchored_language,candidate_exclusion,seek_full_text,,associational,1,,,,,,,,,,
semantic_scholar:3e1c05b04f7ea03d2bd2ad4149e456f388c2578d,Integrative multi-omics analyses identify key genes and elucidate bidirectional regulatory mechanisms in thyroid dysfunction,"Objective Hyperthyroidism and hypothyroidism are globally prevalent endocrine disorders, with their pathogenesis involving multifactorial mechanisms including genetics, immunity, and metabolism. Although genome-wide association studies (GWAS) have identified risk genes such as PDE8B, critical gaps remain in the annotation of causal variants in non-coding regions, characterization of tissue-specific regulatory networks, and understanding of ethnic heterogeneity. This study aimed to systematically identify genes associated with hyperthyroidism and hypothyroidism and unravel their underlying molecular mechanisms through multi-omics integration. Methods We included data from the ThyroidOmics Consortium, comprising 1,840 hyperthyroidism cases (49,983 controls) and 3,340 hypothyroidism cases (49,983 controls). Core candidate genes were prioritized using a combination of SMR-HEIDI analysis, cross-tissue transcriptome-wide association study (TWAS), mBAT-combo rare variant analysis, and polygenic priority score (PoPS). GTEx colocalization (coloc) analysis was used to validate tissue-specific colocalization between these candidate genes and disease signals. Phenome-wide association study (PheWAS), KEGG pathway enrichment, and protein-protein interaction (PPI) network analyses were performed to explore gene functions, with potential targeted drugs predicted using the Drug Signatures Database (DSigDB). Results Cross-validation by four methods identified FAM227B, PDE8B, and PDE10A as key genes for hyperthyroidism, and PDE8B as the critical gene for hypothyroidism. GTEx coloc analysis (with PP4 > 0.8 as the threshold) confirmed significant colocalization: FAM227B with hyperthyroidism signals in the adrenal gland, lung, and minor salivary gland; PDE8B with both hyperthyroidism and hypothyroidism signals in thyroid tissue; and PDE10A with hyperthyroidism signals in thyroid tissue. As a core member of the phosphodiesterase family, PDE8B exhibited bidirectional regulatory characteristics in thyroid hormone synthesis via the cAMP signaling pathway and nucleotide metabolism network: its inhibition promoted hormone synthesis in hypothyroidism, while its interaction with PDE10A suppressed overactive cAMP signaling in hyperthyroidism. PheWAS linked FAM227B to cardiovascular diseases and PDE10A to neurological pathways. KEGG enrichment analysis highlighted the “morphine addiction” pathway (p = 6.12 × 10 ⁻ ⁵), suggesting potential neuroendocrine crosstalk. Notably, potential drugs targeting FAM227B, PDE8B, and PDE10A were identified. Conclusion Through multi-omics integration, this study identifies PDE8B as a central gene associated with thyroid dysfunction, characterized by tissue-specific colocalization, and elucidates its critical roles in signaling pathways, comorbidity associations, and drug targeting. These findings provide insights into the bidirectional regulatory mechanisms of hyperthyroidism and hypothyroidism and a theoretical basis for developing phosphodiesterase family-based precision therapies. It should be noted that all samples in this study are of European ancestry, and the generalizability of the results in other ethnic groups remains to be verified.",2026,10.1371/journal.pone.0338805,41570039,semantic_scholar_strict_smr_heidi,candidate_exclusion,seek_full_text,,context_only,0,,,,,,,,,,
pubmed:41616832,Plasma proteome mendelian randomization and network pharmacology reveal therapeutic targets for thyroid disorders.,"Thyroid disorders, including hypothyroidism, hyperthyroidism, and thyroid cancer, impose a substantial global health burden. Existing treatments face limitations due to adverse effects and incomplete efficacy, highlighting the need for innovative therapeutic strategies informed by genetic and molecular insights. We integrated Mendelian randomization (MR) with network pharmacology to systematically prioritize druggable targets. Genetic correlations between different thyroid disorders were evaluated using linkage disequilibrium score regression analysis. Plasma protein quantitative trait loci from 4907 plasma proteins were leveraged as instrumental variables in MR analyses across two independent cohorts. Bayesian colocalization validated shared causal variants. Network pharmacology methods encompassed constructing protein-protein interaction networks, conducting functional enrichment analyses, and identifying potential therapeutic compounds via the DSigDB database. Docking and dynamics simulations assessed binding and stability, while PheWAS assessed off-target effects. The LDSC analysis identified notable genetic correlations of hypothyroidism with hyperthyroidism (Rg = 0.167, P = 0.017), as well as hyperthyroidism with thyroid cancer (Rg = 0.286, P = 0.033). MR and colocalization identified seven causal proteins: IL2RB, CDH1, FGF19 (hypothyroidism); PSAPL1 (hyperthyroidism); DCP1B, SPRN, RPS6KA6 (thyroid cancer). Drug prediction prioritized compounds such as BI-2536 (binding energy: -9.5 kcal/mol with RPS6KA6) and deoxycholic acid. PheWAS confirmed minimal pleiotropic risks. By synergizing genetic epidemiology with network pharmacology, this study delineates shared genetic architecture among thyroid disorders and nominates seven high-confidence targets with therapeutic potential. The integrative framework advances precision medicine by bridging causal plasma protein identification, mechanistic pathway mapping, and drug repurposing, offering a blueprint for multi-omics-driven drug discovery in endocrine pathologies.",2026,10.1016/j.mce.2026.112752,41616832,pubmed_genetic_instruments; pubmed_multiomics_genetic_instrument_candidates,candidate_exclusion,exclude,not_multiomics_in_measured_or_integrated_data,pending,pending,,,,,,,,,,
pubmed:42353793,From Genome to Pharmacome: Current Status and Future Perspectives of Multi-Omics Integration in Traditional Chinese Medicine Research.,"High-throughput sequencing and multi-omics are transforming Traditional Chinese Medicine (TCM) research from empirical descriptions toward data-driven mechanistic analyses. Unlike earlier systems pharmacology frameworks that relied primarily on static network topology and docking-based target prediction, current multi-omics approaches integrate genomic, transcriptomic, proteomic, and metabolomic data to capture dynamic, multi-scale biological responses. This review summarizes recent progress in four related areas: (i) genomic and epigenomic dissection of geo-authentic (Daodi) medicinal materials; (ii) biosynthetic pathway elucidation for major bioactive compound classes; (iii) synthetic biology platforms for heterologous production; and (iv) systems pharmacology integration for mechanism-of-action studies. We identify a central, recurrent gap: most published multi-omics analyses remain at the level of statistical association, and the biosynthetic and pharmacological pathways inferred from such data have not been validated at the causal level. To address this, we propose a tiered experimental validation framework-from biochemical target engagement through genetic perturbation to in vivo functional confirmation-and an iterative computational-experimental feedback loop. We further outline practical priorities for future work, including standardized data formats, community-endorsed metadata checklists, and coordinated DBTL pilot projects. By connecting descriptive multi-omics patterns to experimentally testable mechanistic models, TCM research can move toward precision-oriented medicine while preserving the multi-component character of traditional formulations.",2026,10.3390/genes17060634,42353793,pubmed_multiomics_title_specific_perturbation_candidates,candidate_exclusion,exclude,review_comment_editorial_or_correction,pending,pending,,,,,,,,,,
pubmed:38187050,Microbiome and its implications in oncogenesis: a Mendelian randomization perspective.,"The human microbiome, an intricate ecological network, has garnered significant attention due to its potential implications in oncogenesis. This paper delves into the multifaceted relationships between the microbiome, its metabolites, and cancer development, emphasizing the human intestinal tract as the primary microbial habitat. Highlighting the potential causative associations between microbial disturbances and cancer progression, we underscore the role of specific bacterial strains in various cancers, such as stomach and colorectal cancer. Traditional causality assessment methods, like randomized controlled trials (RCTs), have limitations. Therefore, we advocate using Mendelian Randomization (MR) as a powerful alternative to study causal relationships, leveraging genetic variants as instrumental variables. With the proliferation of genome-wide association studies, MR harnesses genetic variations to infer causality, which is especially beneficial when addressing confounders like diet and lifestyle that can skew microbial research. We systematically review MR's application in understanding the microbiome-cancer nexus, emphasizing its strengths and challenges. While MR offers a unique perspective on causality, it faces hurdles like horizontal pleiotropy and weak instrumental variable bias. Integrating MR with multi-omics data, encompassing genomics, transcriptomics, proteomics, and metabolomics, holds promise for future research, potentially heralding groundbreaking discoveries in microbiology and genetics. This comprehensive review underscores the critical role of the human microbiome in oncogenesis and champions MR as an indispensable tool for advancing our understanding in this domain.",2023,,38187050,pubmed_genetic_instruments; pubmed_multiomics_genetic_instrument_candidates,candidate_exclusion,exclude,review_comment_editorial_or_correction,pending,pending,,,,,,,,,,
pubmed:40335161,Microbiota fasting-related changes ameliorate cognitive decline in obesity and boost ex vivo microglial function through the gut-brain axis.,"Obesity-related cognitive decline is linked to gut microbiota dysbiosis, with emerging evidence suggesting that dietary interventions may ameliorate cognitive impairment via gut-brain axis modulation. The role of microglial cells in this process remains underexplored. To investigate how diet-induced changes in gut microbiota influence cognitive function in individuals with obesity and their microglial activity, and to determine the impact of specific dietary interventions. This study included 96 participants with obesity who were randomised into three dietary intervention groups: Mediterranean diet (Med), alternate-day fasting (ADF) and ketogenic diet (Keto). Cognitive performance and microbiota composition were assessed pre-intervention and post-intervention. The effects of microbiota-related changes on microglial function were further evaluated in mice models through faecal transplantation and in vitro model with microbiota exosome treatment. Both the Keto and ADF groups demonstrated significant weight loss, but cognitive performance improved most notably in the ADF group, in association with reduced inflammation. Diet-related microbiota composition was correlated with the cognitive outcomes in the human study. Mice models confirmed that the cognitive benefits of ADF were microbiota-dependent and linked to enhanced microglial phagocytic capacity and reduced inflammation, accompanied by changes in microglia morphology. Fasting-induced modifications in gut microbiota contribute to cognitive improvement in individuals with obesity, with microglial cells playing a crucial mediatory role. Among the interventions, ADF most effectively enhanced microglial function and cognitive performance, suggesting its potential as a therapeutic strategy for obesity-related cognitive decline. Further studies are required to fully elucidate the underlying mechanisms. NCT04453150.",2025,10.1136/gutjnl-2025-335353,40335161,pubmed_rct_title_anchored_pairwise_omics_candidates,candidate_exclusion,exclude,not_multiomics_in_measured_or_integrated_data,pending,pending,,,,,,,,,,
pubmed:42419408,Epigenetic aging is associated with hearing loss and multi-system disease risk independently of chronological age.,"ARHL (Age-related hearing loss) affects over one-third of people aged 65 and older worldwide. It is often viewed as an isolated sensory deficit, but whether it is associated with systemic biological aging remains unclear. We analyzed NHANES (n = 2530) and HRS (n = 2849) cohorts. GrimAgeAcc (GrimAge acceleration) was used to assess biological aging. GO/KEGG (Gene Ontology/Kyoto Encyclopedia of Genes and Genomes) and disease association analyses were performed on GrimAge-related proteins. Prospective associations between ARHL and dementia, CVD (Cardiovascular Disease), and diabetes were examined in HRS. Murine cochlear data (GEO: GDS5624, n = 5-6 per group) were analyzed as a preliminary exploratory dataset. Network pharmacology and molecular docking were used for in silico screening. An exploratory risk prediction model based on GrimAgeAcc and clinical covariates was developed for hypothesis generation. After adjustment for chronological age, GrimAgeAcc was independently associated with ARHL in both cohorts. GrimAge-related proteins showed enrichment in endoplasmic reticulum function, endocytosis, and inflammatory pathways. Prospective analysis in HRS indicated time-dependent associations between ARHL and dementia (HR = 2.94), CVD (HR = 1.43), and diabetes (HR = 1.14) after age adjustment. However, mediation analysis showed that chronological age explained 28-50% of these associations. In murine cochlear data, ADM expression was higher in adult vs. young mice (4-5% increase), but the effect size was small and no significant reversal was observed. In silico screening suggested that selumetinib (a MEK inhibitor) was associated with expression changes in several GrimAge-related genes. An exploratory risk prediction model showed preliminary calibration in HRS but requires external validation. Based on our data, GrimAgeAcc is associated with ARHL and systemic age-related diseases (dementia, CVD, diabetes), potentially through shared biological pathways (e.g., endocytosis, lysosomal, inflammatory). Chronological age explains 28-50% of these associations, yet ARHL remains independently associated with all three outcomes after age adjustment. The cochlea may be vulnerable, but causal evidence is lacking. All findings are hypothesis-generating and require experimental validation.",2026,10.1016/j.exger.2026.113232,42419408,pubmed_multiomics_formal_mediation_candidates,candidate_exclusion,exclude,not_multiomics_in_measured_or_integrated_data,pending,pending,,,,,,,,,,
pubmed:40072848,Cancer gene identification through integrating causal prompting large language model with omics data-driven causal inference.,"Identifying genes causally linked to cancer from a multi-omics perspective is essential for understanding the mechanisms of cancer and improving therapeutic strategies. Traditional statistical and machine-learning methods that rely on generalized correlation approaches to identify cancer genes often produce redundant, biased predictions with limited interpretability, largely due to overlooking confounding factors, selection biases, and the nonlinear activation function in neural networks. In this study, we introduce a novel framework for identifying cancer genes across multiple omics domains, named ICGI (Integrative Causal Gene Identification), which leverages a large language model (LLM) prompted with causality contextual cues and prompts, in conjunction with data-driven causal feature selection. This approach demonstrates the effectiveness and potential of LLMs in uncovering cancer genes and comprehending disease mechanisms, particularly at the genomic level. However, our findings also highlight that current LLMs may not capture comprehensive information across all omics levels. By applying the proposed causal feature selection module to transcriptomic datasets from six cancer types in The Cancer Genome Atlas and comparing its performance with state-of-the-art methods, it demonstrates superior capability in identifying cancer genes that distinguish between cancerous and normal samples. Additionally, we have developed an online service platform that allows users to input a gene of interest and a specific cancer type. The platform provides automated results indicating whether the gene plays a significant role in cancer, along with clear and accessible explanations. Moreover, the platform summarizes the inference outcomes obtained from data-driven causal learning methods.",2025,10.1093/bib/bbaf113,40072848,pubmed_graphical_methods,candidate_exclusion,exclude,not_multiomics_in_measured_or_integrated_data,pending,pending,,,,,,,,,,
pubmed:37823001,The contribution to policies of an exposome-based approach to childhood obesity.,"Childhood obesity is an increasingly severe public health problem, with a prospective impact on health. We propose an exposome approach to identify actionable risk factors for this condition. Our assumption is that relationships between external exposures and outcomes such as rapid growth, overweight, or obesity in children can be better understood through a ""meet-in-the-middle"" model. This is based on a combination of external and internal exposome-based approaches, that is, the study of multiple exposures (in our case, dietary patterns) and molecular pathways (metabolomics and epigenetics). This may strengthen causal reasoning by identifying intermediate markers that are associated with both exposures and outcomes. Our biomarker-based studies in the STOP consortium suggest (in several ways, including mediation analysis) that branched-chain amino acids (BCAAs) could be mediators of the effect of dietary risk factors on childhood overweight/obesity. This is consistent with intervention and animal studies showing that higher intake of BCAAs has a positive impact on body composition, glycemia, and satiety. Concerning food, of particular concern is the trend of increasing intake of ultra-processed food (UPF), including among children. Several mechanisms have been proposed to explain the impact of UPF on obesity and overweight, including nutrient intake (particularly proteins), changes in appetite, or the role of additives. Research from the Avon Longitudinal Study of Parents and Children cohort has shown a relationship between UPF intake and trajectories in childhood adiposity, while UPF was related to lower blood levels of BCAAs. We suggest that an exposome-based approach can help strengthening causal reasoning and support policies. Intake of UPF in children should be restricted to prevent obesity.",2023,10.1093/exposome/osad006,37823001,pubmed_multiomics_formal_mediation_candidates,candidate_exclusion,exclude,not_empirical_study,pending,pending,,,,,,,,,,
pubmed:31302340,Effects of pidotimod and bifidobacteria mixture on clinical symptoms and urinary metabolomic profile of children with recurrent respiratory infections: a randomized placebo-controlled trial.,"Many preschool children develop recurrent respiratory tract infections (RRI). Strategies to prevent RRI include the use of immunomodulators as pidotimod or probiotics, but there is limited evidence of their efficacy on clinical features or on urine metabolic profile. To evaluate whether pidotimod and/or bifidobacteria can reduce RRI morbidity and influence the urine metabolic profile in preschool children. Children aged 3-6 years with RRI were enrolled in a four-arm, exploratory, prospective, randomized, double-blinded, placebo-controlled trial. Patients were randomly assigned to receive pidotimod plus bifidobacteria, pidotimod plus placebo, bifidobacteria plus placebo or double placebo for the first 10 days of each month over 4 consecutive months. Respiratory symptoms and infections were recorded with a daily diary by parents during the study. Metabolomic analyses on urine samples collected before and after treatment were performed. Compared to placebo, children receiving pidotimod, alone or with bifidobacteria, had more symptom-free days (69 versus 44, p = 0.003; and 65 versus 44, p = 0.02, respectively) and a lower percentage of days with common cold (17% versus 37%, p = 0.005; and 15% versus 37%, p = 0.004, respectively). The metabolomic analysis showed that children treated with Pidotimod (alone or in combination with bifidobacteria) present, respect to children treated with placebo, a biochemical profile characterized by compounds related to the pathway of steroids hormones, hippuric acid and tryptophan. No significant difference in the metabolic profile was found between children receiving bifidobacteria alone and controls. Preschool children with RRI treated with pidotimod have better clinical outcomes and a different urine metabolomic profile than subjects receiving placebo. Further investigations are needed to clarify the connection between pidotimod and gut microbiome.",2019,10.1016/j.pupt.2019.101818,31302340,pubmed_rct_title_anchored_pairwise_omics_candidates,candidate_exclusion,exclude,not_multiomics_in_measured_or_integrated_data,pending,pending,,,,,,,,,,
pubmed:42000855,"Causal inference of glucocorticoid signaling in non-small cell lung cancer: integrating Mendelian randomization, single-cell transcriptomics, and imaging data.","Glucocorticoid-related genes (GRGs) may facilitate tumor immune escape via tumor microenvironment (TME) modulation, but their causal association with non-small cell lung cancer (NSCLC) remains unclear. Herein, we performed Mendelian randomization analysis based on cis-eQTL data from GTEx and eQTLGen databases, combined with SMR and Bayesian colocalization analyses, to identify GRGs with significant causal links to NSCLC. TCGA transcriptomic data verified the differential expression of core GRGs. Single-cell transcriptomic analysis revealed elevated GRGs cellular module scores in M2 macrophages of NSCLC tissues relative to adjacent normal tissues, while the MuSiC algorithm estimated cell-type abundance in bulk transcriptomic datasets. We further integrated three intersecting genes (MRPS7, IQGAP1, EXOC2), M2 macrophage abundance, clinical parameters and radiomics features (extracted via nnU-Net-based segmentation) to construct a multi-omics Cox prognostic risk model. This model achieved an AUC > 0.9 for 1-year survival prediction in the training cohort and maintained robust performance (AUC 0.7-0.9) for 1-5-year survival in the independent test cohort. NSCLC tissue microarrays combined with cellular functional assays confirmed that MRPS7 not only exhibits aberrant overexpression in both NSCLC tissues and cell lines but also reveals a potential role in promoting the progression of NSCLC. This is the first study to systematically elucidate the potential causal relationship between GRGs and NSCLC risk, which may be mediated by regulating M2 macrophage function, providing novel biomarkers for precise prognosis prediction and uncovering potential mechanisms underlying NSCLC oncogenesis.",2026,10.1038/s41698-026-01421-1,42000855,pubmed_genetic_instruments; pubmed_graphical_methods,candidate_boundary_or_unclear,pending,,pending,pending,,,,,,,,,,
europepmc:PPR:PPR1165519,Distinct cerebrospinal fluid microbiome dysbiosis associated with disease severity in tick-borne encephalitis,"<title>Abstract</title> <p>Background Tick-borne encephalitis is the most prevalent viral encephalitis in Europe, causing inflammation of the central nervous system (CNS) and often leading to persistent neurological complications. While alterations in microbial composition have been linked with neuroinflammation and disease progression, data on microbiota profiles in patients with tick-borne encephalitis virus (TBEV) infection are lacking. Methods Cerebrospinal fluid (CSF) samples were obtained, following informed consent, from patients with TBEV–associated meningitis (n = 25) or encephalitis (n = 25) and from uninfected controls (n = 13). Full-length 16S rRNA gene sequencing was performed to characterise bacterial community composition. Genus-level relative abundance profiles were analysed, and differential abundance testing was conducted using non-parametric statistics with false discovery rate correction. Enrichment analysis, LEfSe-like statistical approaches, and supervised multivariate modelling were applied to identify taxa associated with severity of the infection. Results Distinct alterations in microbial diversity and community composition were observed across TBE with neurological involvement and controls. Alpha-diversity analyses demonstrated increased diversity and richness in meningitis samples across Shannon, Simpson, Chao1, and observed species metrics, whereas encephalitis samples exhibited reduced richness compared with controls. Beta-diversity analysis revealed clear separation between controls and infected groups, with partial overlap between meningitis and encephalitis, indicating syndrome-associated shifts in community structure. Taxonomic composition analysis further identified differentially enriched taxa across groups, with a subset of Enterobacteriaceae-associated genera significantly enriched in encephalitis, consistent with a distinct microbial signature associated with increased disease severity. Conclusions These findings indicate that TBEV-associated meningitis and encephalitis are characterised by distinct CSF microbiome profiles rather than a uniform infection-related shift. The increased diversity and richness observed in meningitis, together with reduced richness and enrichment of specific genera in encephalitis, suggest a microbiome signature associated with more severe CNS involvement. Together, these results support the presence of disease severity–specific microbial dysbiosis in TBEV infection and highlight the possible relevance of CSF microbiota in the pathogenesis of neuroinflammatory disease.</p>",2026,10.21203/rs.3.rs-8958950/v1,,europepmc_preprint_temporal,candidate_boundary_or_unclear,pending,,pending,pending,,,,,,,,,,
pubmed:38956929,Association between biological ageing and periodontitis: Evidence from a cross-sectional survey and multi-omics Mendelian randomization analysis.,"To investigate the relationship and potential causality between biological ageing and periodontitis. We obtained the National Health and Nutrition Examination Survey (NHANES) and genome-wide association study (GWAS) summary statistics as well as single-cell sequencing data. Multivariate regression analysis based on cross-sectional data, Mendelian randomization (MR) and multi-omics integration analysis were employed to explore the causal association and potential molecular mechanisms between biological ageing and periodontitis. Additionally, two-step MR mediation analysis explored the risk factors in biological ageing-mediated periodontitis. We analysed data from 3189 participants in the NHANES data and found that higher biological age was associated with increased risk of periodontitis. MR analyses revealed causal associations between biological age measures and periodontitis risk. Frailty (odds ratio [OR] = 2.08, 95% confidence interval [CI]: 1.04-4.18, p = .039) and GrimAge acceleration (OR = 1.16, 95% CI: 1.01-1.32, p = .033) were causally associated with periodontitis risk, and these results were validated in a large-scale meta-periodontitis GWAS dataset. Additionally, the risk effects of body mass index, waist circumference and lifetime smoking on periodontitis were partially mediated by frailty and GrimAge acceleration. Evidence from cross-sectional survey and MR analysis suggests that biological ageing increases the risk of periodontitis. Additionally, improving the associated risk factors can help prevent both ageing and periodontitis.",2024,10.1111/jcpe.14040,38956929,pubmed_genetic_instruments; pubmed_multiomics_formal_mediation_candidates; pubmed_multiomics_title_causal_mediation_candidates,candidate_boundary_or_unclear,seek_full_text,,pending,pending,,,,,,,,,,
pubmed:30186835,Multiplexed CRISPR/Cas9 Targeting of Genes Implicated in Retinal Regeneration and Degeneration.,"Thousands of genes have been implicated in retinal regeneration, but only a few have been shown to impact the regenerative capacity of Müller glia-an adult retinal stem cell with untapped therapeutic potential. Similarly, among nearly 300 genetic loci associated with human retinal disease, the majority remain untested in animal models. To address the large-scale nature of these problems, we are applying CRISPR/Cas9-based genome modification strategies in zebrafish to target over 300 genes implicated in retinal regeneration or degeneration. Our intent is to enable large-scale reverse genetic screens by applying a multiplexed gene disruption strategy that markedly increases the efficiency of the screening process. To facilitate large-scale phenotyping, we incorporate an automated reporter quantification-based assay to identify cellular degeneration and regeneration-deficient phenotypes in transgenic fish. Multiplexed gene targeting strategies can address mismatches in scale between ""big data"" bioinformatics and wet lab experimental capacities, a critical shortfall limiting comprehensive functional analyses of factors implicated in ever-expanding multiomics datasets. This report details the progress we have made to date with a multiplexed CRISPR/Cas9-based gene targeting strategy and discusses how the methodologies applied can further our understanding of the genes that predispose to retinal degenerative disease and which control the regenerative capacity of retinal Müller glia cells.",2018,10.3389/fcell.2018.00088,30186835,pubmed_explicit_gene_manipulation,candidate_boundary_or_unclear,pending,,pending,pending,,,,,,,,,,
pubmed:38935923,Adjuvant Trastuzumab Emtansine Versus Paclitaxel Plus Trastuzumab for Stage I Human Epidermal Growth Factor Receptor 2-Positive Breast Cancer: 5-Year Results and Correlative Analyses From ATEMPT.,"Long-term outcomes of patients with stage I human epidermal growth factor receptor 2 (HER2)-positive breast cancer receiving adjuvant trastuzumab emtansine (T-DM1) remain undefined, and prognostic predictors represent an unmet need. In the ATEMPT phase II trial, patients with stage I centrally confirmed HER2-positive breast cancer were randomly assigned 3:1 to adjuvant T-DM1 for 1 year or paclitaxel plus trastuzumab (TH). Coprimary objectives were to compare the incidence of clinically relevant toxicities between arms and to evaluate invasive disease-free survival (iDFS) with T-DM1. Correlative analyses included the HER2DX genomic tool, multiomic evaluations of HER2 heterogeneity, and predictors of thrombocytopenia. After a median follow-up of 5.8 years, 11 iDFS events were observed in the T-DM1 arm, consistent with a 5-year iDFS of 97.0% (95% CI, 95.2 to 98.7). At 5 years, the recurrence-free interval (RFI) was 98.3% (95% CI, 97.0 to 99.7), the overall survival was 97.8% (95% CI, 96.3 to 99.3), and the breast cancer-specific survival was 99.4% (95% CI, 98.6 to 100). Comparable iDFS was observed with T-DM1 irrespective of tumor size, hormone receptor status, centrally determined HER2 immunohistochemical score, and receipt of T-DM1 for more or less than 6 months. Although ATEMPT was not powered for this end point, the 5-year iDFS in the TH arm was 91.1%. Among patients with sufficient tissue for HER2DX testing (n = 187), 5-year outcomes significantly differed according to HER2DX risk score, with better RFI (98.1% v 81.8%, hazard ratio [HR], 0.10, P = .01) and iDFS (96.3% v 81.8%, HR, 0.20, P = .047) among patients with HER2DX low-risk versus high-risk tumors, respectively. Adjuvant T-DM1 for 1 year leads to outstanding long-term outcomes for patients with stage I HER2-positive breast cancer. A high HER2DX risk score predicted a higher risk of recurrence in ATEMPT.",2024,10.1200/jco.23.02170,38935923,pubmed_randomized_multiomics_trials,candidate_boundary_or_unclear,pending,,pending,pending,,,,,,,,,,
pubmed:34945719,A Comprehensive Evaluation of Cross-Omics Blood-Based Biomarkers for Neuropsychiatric Disorders.,"The identification of peripheral multi-omics biomarkers of brain disorders has long been hindered by insufficient sample size and confounder influence. This study aimed to compare biomarker potential for different molecules and diseases. We leveraged summary statistics of five blood quantitative trait loci studies (N = 1980 to 22,609) and genome-wide association studies (N = 9725 to 500,199) from 14 different brain disorders, such as Schizophrenia (SCZ) and Alzheimer's Disease (AD). We applied summary-based and two-sample Mendelian Randomization to estimate the associations between blood molecules and brain disorders. We identified 524 RNA, 807 methylation sites, 29 proteins, seven cytokines, and 22 metabolites having a significant association with at least one of 14 brain disorders. Simulation analyses indicated that a cross-omics combination of biomarkers had better performance for most disorders, and different disorders could associate with different omics. We identified an 11-methylation-site model for SCZ diagnosis (Area Under Curve, AUC = 0.74) by analyzing selected candidate markers in published datasets (total N = 6098). Moreover, we constructed an 18-methylation-sites model that could predict the prognosis of elders with mild cognitive impairment (hazard ratio = 2.32). We provided an association landscape between blood cross-omic biomarkers and 14 brain disorders as well as a suggestion guide for future clinical discovery and application.",2021,10.3390/jpm11121247,34945719,pubmed_multiomics_two_sample_or_bidirectional_mr_candidates,candidate_boundary_or_unclear,pending,,pending,pending,,,,,,,,,,
pubmed:32184385,Further confirmation of netrin 1 receptor (DCC) as a depression risk gene via integrations of multi-omics data.,"Genome-wide association studies (GWAS) of major depression and its relevant biological phenotypes have been extensively conducted in large samples, and transcriptome-wide analyses in the tissues of brain regions relevant to pathogenesis of depression, e.g., dorsolateral prefrontal cortex (DLPFC), have also been widely performed recently. Integrating these multi-omics data will enable unveiling of depression risk genes and even underlying pathological mechanisms. Here, we employ summary data-based Mendelian randomization (SMR) and integrative risk gene selector (iRIGS) approaches to integrate multi-omics data from GWAS, DLPFC expression quantitative trait loci (eQTL) analyses and enhancer-promoter physical link studies to prioritize high-confidence risk genes for depression, followed by independent replications across distinct populations. These integrative analyses identify multiple high-confidence depression risk genes, and numerous lines of evidence supporting pivotal roles of the netrin 1 receptor (DCC) gene in this illness across different populations. Our subsequent explorative analyses further suggest that DCC significantly predicts neuroticism, well-being spectrum, cognitive function and putamen structure in general populations. Gene expression correlation and pathway analyses in DLPFC further show that DCC potentially participates in the biological processes and pathways underlying synaptic plasticity, axon guidance, circadian entrainment, as well as learning and long-term potentiation. These results are in agreement with the recent findings of this gene in neurodevelopment and psychiatric disorders, and we thus further confirm that DCC is an important susceptibility gene for depression, and might be a potential target for new antidepressants.",2020,10.1038/s41398-020-0777-y,32184385,pubmed_multiomics_title_genetic_qtl_candidates,candidate_boundary_or_unclear,pending,,pending,pending,,,,,,,,,,
pubmed:41497980,A multi-omics approach combining causal inference and in vivo validation identifies key protein drivers of alcohol-associated liver disease.,"Alcohol-associated liver disease (ALD) constitutes a global health crisis, yet the molecular mechanisms driving its pathogenesis remain unresolved, critically impeding the development of effective therapeutics. A fundamental challenge is the differentiation of correlational biomarkers from the causal drivers of disease. Here, we perform a systematic characterization of the ALD causal proteome to uncover novel pathogenic mediators and prioritize therapeutic targets. We implemented a multi-stage pipeline integrating human genetics with multi-level experimental validation. A two-sample Mendelian randomization (MR) framework, leveraging large-scale plasma proteomics and ALD GWAS data, was employed to nominate proteins causally linked to ALD. These candidates underwent functional enrichment analysis to delineate their biological roles. To rigorously control for confounding by genetic linkage, findings were validated using SMR. We then employed single-cell RNA sequencing from a murine ALD model to determine the hepatic cellular origins of the validated targets. Finally, their functional relevance was established in vivo using a chronic-plus-binge ethanol feeding mouse model. Our MR analysis identified 17 proteins with a putative causal association with ALD. Functional enrichment analysis implicated these candidates in inflammatory and immune response pathways. After stringent SMR validation, we identified four high-confidence causal proteins: TREML2 (Triggering Receptor Expressed on Myeloid cells-like 2) and MMP12 (Matrix Metallopeptidase 12) as risk factors, and PLA2R1 (Phospholipase A2 Receptor 1) and MAX (MYC Associated Factor X) as protective factors. Single-cell transcriptomics resolved the cellular sources of these proteins within the liver, identifying hepatic myeloid cells (macrophages and monocytes) as the primary source of the risk-promoting TREML2 and MMP12. In contrast, the protective protein PLA2R1 was predominantly expressed in hepatocytes, while MAX exhibited broad expression. These genetic predictions were phenocopied in our ALD mouse model; hepatic expression of Treml2 and Mmp12 was significantly upregulated, whereas Pla2r1 and Max were downregulated, corroborating their respective roles in disease pathogenesis. By systematically integrating genetic causal inference with multi-level functional genomics, we identify and validate four causal protein drivers of ALD. Our findings unveil a novel pathogenic axis where ALD risk is governed by a balance between pro-inflammatory, matrix-remodeling myeloid cells (driven by TREML2/MMP12) and homeostatic hepatocyte functions (mediated by PLA2R1/MAX). These genetically validated targets provide critical insights into ALD pathophysiology and represent promising, mechanistically-defined avenues for therapeutic intervention.",2025,10.3389/fimmu.2025.1714502,41497980,pubmed_graphical_methods; pubmed_multiomics_title_genetic_qtl_candidates; pubmed_multiomics_two_sample_or_bidirectional_mr_candidates,candidate_boundary_or_unclear,seek_full_text,,pending,pending,,,,,,,,,,
europepmc:PPR:PPR969941,"Parent-of-Origin inference and its role in the genetic architecture of complex traits: evidence from ~265,000 individuals","<title>Abstract</title> <p>Parent-of-origin effects (POEs) occur when the impact of a genetic variant depends on its parental origin. Traditionally linked to genomic imprinting, these effects are believed to have evolved from parental conflict over resource allocation to offspring, which results in opposing parental genetic influences. Despite their potential importance, POEs remain heavily understudied in complex traits, largely due to the lack of parental genomes. Here, we present a multi-step approach to infer the parent-of-origin of alleles without parental genomes, leveraging inter-chromosomal phasing, mitochondrial and chromosome X data, and sibling-based crossover inference. Applied to the UK Biobank (discovery cohort) and Estonian Biobank (replication cohort), this scalable approach enabled parent-of-origin inference for up to 221,062 individuals, representing the largest dataset of its kind. GWAS scans in the UK Biobank for more than 60 complex traits and over 2,400 protein levels contrasting maternal and paternal effects identified over 30 novel POEs and confirmed more than 50% of testable known associations. Notably, approximately half of our POEs exhibited a bi-polar pattern, where maternal and paternal alleles exert conflicting effects. These effects were particularly prevalent for traits related to growth (e.g., IGF-1, height, fat-free mass) and metabolism (e.g., type 2 diabetes, triglycerides, glucose). Replication in the Estonian Biobank and in 45,402 offspring from the Norwegian Mother, Father and Child Cohort Study validated over 75% of testable associations. Overall, our findings shed new light on the influence of POEs on diverse complex traits and align with the parental conflict hypothesis, providing compelling evidence for this understudied evolutionary phenomenon.</p>",2025,10.21203/rs.3.rs-5871891/v1,,europepmc_preprint_temporal,candidate_boundary_or_unclear,pending,,pending,pending,,,,,,,,,,
pubmed:39720783,A multi-omics Mendelian randomization identiﬁes putatively causal genes and DNA methylation sites for asthma.,"Asthma is a global chronic respiratory disease with complex pathogenesis. While current therapies offer some relief, they often fall short in effectively managing symptoms and preventing exacerbations for numerous patients. Thus, understanding its mechanisms and discovering new drug targets remains a pressing need for better treatment. Using the GEO dataset, we screened differentially expressed genes (DEGs) in asthma patients' blood. Employing Summary Data-based Mendelian Randomization (SMR) and Two-Sample Mendelian Randomization (TSMR), we pinpointed asthma causal genes, causal DNA methylation sites, and methylation sites affecting gene expression, cross validated with at least 2 large-scale GWAS from each source. We utilized colocalization for genetic associations, meta-analysis for data integration, two-step MR for methylation-gene-asthma mediation mechanism. Druggability was evaluated using Open Target, virtual screening, and docking. Among the 954 DEGs found in asthma patients' blood, increased expression of CEP95 (discovery, OR_SMR = 0.94, 95% CI: 0.91-0.97), RBM6 (discovery, OR_SMR = 0.97, 95% CI: 0.95-0.99), and ITPKB (discovery, OR_SMR = 0.82, 95% CI: 0.74-0.92) in the blood decreased the risk of asthma, higher levels of HOXB-AS1 (discovery, OR_SMR = 1.05, 95% CI: 1.03-1.07), ETS1 (discovery, OR_SMR = 1.62, 95% CI: 1.29-2.04), and JAK2 (discovery, OR_SMR = 1.13, 95% CI: 1.06-1.21) in the blood increased the risk of asthma. Additionally, a total of 8 methylation sites on ITPKB, ETS1, and JAK2 were identified to influence asthma. An increase in methylation at site cg16265553 raised the risk of asthma partially by suppressing ITPKB expression. Similarly, increased methylation at cg13661497 reduced the asthma risk totally by suppressing JAK2 expression. The impact of CEP95, HOXB-AS1, and RBM6 expressions on asthma was further confirmed in lung tissues. Except for HOXB-AS1, all the other genes were potential druggable targets. Our study highlighted that specific gene expressions and methylation sites significantly influence asthma risk and revealed a potential methylation-to-gene-to-asthma mechanism. This provided pivotal evidence for future targeted functional studies and the development of preventive and treatment strategies.",2024,10.1016/j.waojou.2024.101008,39720783,pubmed_genetic_instruments; pubmed_multiomics_formal_mediation_candidates; pubmed_multiomics_title_causal_mediation_candidates; pubmed_multiomics_two_sample_or_bidirectional_mr_candidates,candidate_boundary_or_unclear,seek_full_text,,pending,pending,,,,,,,,,,
europepmc:MED:39996839,"Exploring the Efficacy and Target Genes of <i>Atractylodes Macrocephala Koidz</i> Against Alzheimer's Disease Based on Multi-Omics, Computational Chemistry, and Experimental Verification.","<h4>Objective</h4>To unveil the efficacy and ferroptosis-related mechanisms of <i>Atractylodes Macrocephala Koidz</i> (AMK) against Alzheimer's disease (AD), which is the most widespread neurodegenerative disease.<h4>Methods</h4>Gene set variation analysis (GSVA) scores were used to investigate the relationship between ferroptosis and AD. Logistic regression with seven feature selections and a deep learning model were utilized to identify potential targets of AMK based on transcriptomic data from multiple tissues. A transcriptome-wide association study (TWAS), summary-data-based mendelian randomization (SMR), and mendelian randomization (MR) were utilized to validate the causal relationship between target genes and AD risk. A single-gene gene set enrichment analysis (GSEA) was employed to investigate the biological pathways associated with the target genes. Three molecular docking strategies and a molecular dynamics simulation were employed to verify the binding domains interacting with AMK. Furthermore, the anti-AD effects of AMK were validated in a zebrafish AD model by testing behavior responses, apoptosis, and the deposition of beta-amyloid (Aβ) in the brain. Ultimately, real-time qPCR was used to verify the ferroptosis-related targets, which was identified via multi-omics.<h4>Results</h4>Ferroptosis is an important pathogenic mechanism of AD, as suggested by the GSVA scores. AMK may exert its anti-AD activity through targets genes identified in the brain (<i>ATP5MC3, GOT1, SAT1, EGFR</i>, and <i>MAPK9</i>) and blood (<i>G6PD, PGD, ALOX5, HMOX1,</i> and <i>ULK1</i>). <i>EGFR</i> and <i>HMOX1</i> were further confirmed as target genes mediating the anti-AD activity of AMK through TWAS, SMR, and MR analyses. The GSEA results indicated that <i>EGFR</i> may be involved in oxidative phosphorylation-related pathways, while <i>HMOX1</i> may be associated with lysosome and phagosome pathways. The results of three molecular docking strategies and molecular dynamics simulations implied that the kinase domain of EGFR and the catalytic domain of HMOX1 played pivotal roles in the interaction between AMK and the targets. In a zebrafish model, AD-like symptoms including motor slowness and delayed responses, neuronal apoptosis, and plaque deposition in the brain, were significantly improved after AMK treatment. Accordingly, AMK reversed the abnormal expression of <i>egfra</i> and <i>hmox1a</i>, two core targets genes involved in ferroptosis.<h4>Conclusions</h4>AMK significantly alleviated AD-like symptoms through the modulation of EGFR and HMOX1, which might reduce lipid peroxidation, thereby suppressing ferroptosis. This study provided evidence supporting the efficacy and therapeutic targets associated with ferroptosis in AMK-treated AD, which aid in the development of therapeutic interventions.",2025,10.3390/cimb47020118,39996839,europepmc_molecular_gwas_mr_expansion; europepmc_molecular_gwas_twas_mr,candidate_boundary_or_unclear,seek_full_text,,causal_evidence,4,,,,,,,,,,
pubmed:39816194,"Multi-omics characterization of improved cognitive functions in Parkinson's disease patients after the combined metabolic activator treatment: a randomized, double-blinded, placebo-controlled phase II trial.","Parkinson's disease is primarily marked by mitochondrial dysfunction and metabolic abnormalities. We recently reported that the combined metabolic activators improved the immunohistochemical parameters and behavioural functions in Parkinson's disease and Alzheimer's disease animal models and the cognitive functions in Alzheimer's disease patients. These metabolic activators serve as the precursors of nicotinamide adenine dinucleotide and glutathione, and they can be used to activate mitochondrial metabolism and eventually treat mitochondrial dysfunction. Here, we designed a randomized, double-blinded, placebo-controlled phase II study in Parkinson's disease patients with 84 days combined metabolic activator administration. A single dose of combined metabolic activator contains L-serine (12.35 g), N -acetyl-L-cysteine (2.55 g), nicotinamide riboside (1 g) and L-carnitine tartrate (3.73 g). Patients were administered either one dose of combined metabolic activator or a placebo daily for the initial 28 days, followed by twice-daily dosing for the next 56 days. The main goal of the study was to evaluate the clinical impact on motor functions using the Unified Parkinson's Disease Rating Scale and to determine the safety and tolerability of combined metabolic activator. A secondary objective was to assess cognitive functions utilizing the Montreal Cognitive Assessment and to analyse brain activity through functional MRI. We also performed comprehensive plasma metabolomics and proteomics analysis for detailed characterization of Parkinson's disease patients who participated in the study. Although no improvement in motor functions was observed, cognitive function was shown to be significantly improved ( P < 0.0000) in Parkinson's disease patients treated with the combined metabolic activator group over 84 days, whereas no such improvement was noted in the placebo group ( P > 0.05). Moreover, a significant reduction ( P = 0.001) in Montreal Cognitive Assessment scores was observed in the combined metabolic activator group, with no decline ( P > 0.05) in the placebo group among severe Parkinson's disease patients with lower baseline Montreal Cognitive Assessment scores. We showed that improvement in cognition was associated with critical brain network alterations based on functional MRI analysis, especially relevant to areas with cognitive functions in the brain. Finally, through a comprehensive multi-omics analysis, we elucidated the molecular mechanisms underlying cognitive improvements observed in Parkinson's disease patients. Our results show that combined metabolic activator administration leads to enhanced cognitive function and improved metabolic health in Parkinson's disease patients as recently shown in Alzheimer's disease patients. The trial was registered in ClinicalTrials.gov NCT04044131 (17 July 2019, https://clinicaltrials.gov/ct2/show/NCT04044131).",2025,10.1093/braincomms/fcae478,39816194,pubmed_manual_verified_title_anchored_rct_backfill,candidate_boundary_or_unclear,pending,,pending,pending,,,,,,,,,,
pubmed:40332703,Genetic liability to gut microbiota and inflammatory cytokines in relation to systemic lupus erythematosus risk: a multi-omics study.,"Systemic lupus erythematosus (SLE) has been associated with gut microbiota in some studies. There is no clear evidence that cytokines act as mediators. We first assessed the differences in gut microbiota between SLE patients and healthy controls using 16S rDNA sequencing. Subsequently, we used the summary statistics of gut microbiota, cytokines, and SLE from large genome-wide association studies. To explore the causal relationships between gut microbiota and SLE and identify potential mediating cytokines, we performed bidirectional Mendelian randomization analyses. Finally, the levels of potentially mediating cytokines were determined by ELISA. Fecal 16S rDNA sequencing showed that there was gut microbiota disorder in SLE patients. Based on two-sample analysis, seven gut microbiota taxa were causally associated with SLE. SLE influenced the relative abundance of two gut microbiota taxa in our large-scale MR study. Mediation analyses revealed that the causal relationship between genus Lachnospiraceae UCG001 and SLE was exclusively mediated by fibroblast growth factor 19 (FGF19) levels and the causal relationship between order Lactobacillales and SLE was exclusively mediated by tumor necrosis factor receptor superfamily member 9 (TNFRSF9) levels. Elevated levels of FGF19 affected the association between the reduced relative abundance of the genus Coprobacter and SLE, mediating by a proportion of 10.64% (P = 0.030). Furthermore, ELISA showed that circulating TNFRSF9 and FGF19 levels were higher in SLE patients than healthy controls. Our study demonstrated that there is a causal link between some gut microbiota taxa and SLE. In addition, we revealed possible mediating effects in this relationship. Key Points • We first demonstrate a causal association between gut microbiota, cytokines, and SLE comprehensively. • Our experiments also confirmed that TNFRSF9 and FGF19 may play a role in SLE. These results provide new ideas for microbiome-based investigation of new mechanisms and therapies for SLE.",2025,10.1007/s10067-025-07435-7,40332703,pubmed_multiomics_two_sample_or_bidirectional_mr_candidates,candidate_boundary_or_unclear,pending,,pending,pending,,,,,,,,,,
pubmed:41549440,GSTO1 as a Potential Risk Factor for Diabetic Nephropathy: Evidence From Mendelian Randomisation and Multi-Omics Analyses.,"Diabetic nephropathy (DN) is a major complication of diabetes mellitus and a leading cause of end-stage renal disease (ESRD). Glutathione S-transferase omega 1 (GSTO1) is implicated in redox regulation and inflammation, but its causal role in DN remains unclear. This study aimed to investigate the potential causal relationship between GSTO1 and DN risk. Two-sample Mendelian randomisation (MR) analysis was performed to assess the causal association between genetic variants of GSTO1 and DN. Expression analyses were conducted using the Nephroseq database, GEO datasets, and single-cell RNA sequencing (scRNA-seq). Additionally, GSTO1 expression was examined in HK-2 cells treated with high glucose. MR analysis revealed that genetic variants of GSTO1 were significantly associated with an increased risk of DN. Nephroseq and GEO data showed elevated GSTO1 expression in DN samples. ScRNA-seq demonstrated increased GSTO1 expression in proximal tubular cells of diabetic patients. Consistently, high-glucose treated HK-2 cells exhibited upregulated GSTO1 expression. These findings suggest preliminary evidence for a potential causal association between GSTO1 and DN, suggesting that GSTO1 may play an important role in DN pathogenesis. GSTO1 could serve as a potential molecular marker and therapeutic target for DN.",2026,10.1111/nep.70165,41549440,pubmed_multiomics_two_sample_or_bidirectional_mr_candidates,candidate_boundary_or_unclear,pending,,pending,pending,,,,,,,,,,
pubmed:35812739,Causal Inference of Genetic Variants and Genes in Amyotrophic Lateral Sclerosis.,"Amyotrophic lateral sclerosis (ALS) is a fatal progressive multisystem disorder with limited therapeutic options. Although genome-wide association studies (GWASs) have revealed multiple ALS susceptibility loci, the exact identities of causal variants, genes, cell types, tissues, and their functional roles in the development of ALS remain largely unknown. Here, we reported a comprehensive post-GWAS analysis of the recent large ALS GWAS ( n = 80,610), including functional mapping and annotation (FUMA), transcriptome-wide association study (TWAS), colocalization (COLOC), and summary data-based Mendelian randomization analyses (SMR) in extensive multi-omics datasets. Gene property analysis highlighted inhibitory neuron 6, oligodendrocytes, and GABAergic neurons (Gad1/Gad2) as functional cell types of ALS and confirmed cerebellum and cerebellar hemisphere as functional tissues of ALS. Functional annotation detected the presence of multiple deleterious variants at three loci (9p21.2, 12q13.3, and 12q14.2) and highlighted a list of SNPs that are potentially functional. TWAS, COLOC, and SMR identified 43 genes at 24 loci, including 23 novel genes and 10 novel loci, showing significant evidence of causality. Integrating multiple lines of evidence, we further proposed that rs2453555 at 9p21.2 and rs229243 at 14q12 functionally contribute to the development of ALS by regulating the expression of C9orf72 in pituitary and SCFD1 in skeletal muscle, respectively. Together, these results advance our understanding of the biological etiology of ALS, feed into new therapies, and provide a guide for subsequent functional experiments.",2022,10.3389/fgene.2022.917142,35812739,pubmed_graphical_methods,candidate_boundary_or_unclear,seek_full_text,,causal_evidence,4,,,,,,,,,,
europepmc:PPR:PPR561437,HALO: Hierarchical Causal Modeling for Single Cell Multi-Omics Data,"Though open chromatin may promote active transcription, gene expression responses may not be directly coordinated with changes in chromatin accessibility. Most existing methods for single-cell multi-omics data focus only on learning stationary and shared information among these modalities, overlooking modality-specific information delineating cellular states and dynamics resulting from causal relations among modalities. To account for this, the epigenome and transcriptome relationship can be characterized in relation to time as “coupled” (changing dependently) or “decoupled” (changing independently). We propose the framework HALO, which adopts a causal approach to model these temporal causal relations on two levels. On the representation level, HALO factorizes these two modalities into both coupled and decoupled latent representations, identifying the dynamic interplay between chromatin accessibility and transcription through temporal modulations in the latent space. On the individual gene level, HALO matches gene-peak pairs and characterizes changing dynamics between gene expression and local peaks with time. HALO reveals bipotency in a subset of AT2 cells that exhibit different decisions in lineage specification between systemic sclerosis (SSc) and normal conditions. We demonstrate that using coupled and decoupled information, HALO discovers analogous biological functions between modalities, distinguishes epigenetic factors for lineage specification, and identifies temporal cis -regulation interactions relevant to cellular differentiation and complex human diseases.",2022,10.1101/2022.10.17.512602,,europepmc_preprint_temporal,candidate_boundary_or_unclear,pending,,pending,pending,,,,,,,,,,
europepmc:MED:34207686,Epigenome-Wide Study Identified Methylation Sites Associated with the Risk of Obesity.,"Here, we performed a genome-wide search for methylation sites that contribute to the risk of obesity. We integrated methylation quantitative trait locus (mQTL) data with BMI GWAS information through a SNP-based multiomics approach to identify genomic regions where mQTLs for a methylation site co-localize with obesity risk SNPs. We then tested whether the identified site contributed to BMI through Mendelian randomization. We identified multiple methylation sites causally contributing to the risk of obesity. We validated these findings through a replication stage. By integrating expression quantitative trait locus (eQTL) data, we noted that lower methylation at cg21178254 site upstream of <i>CCNL1</i> contributes to obesity by increasing the expression of this gene. Higher methylation at cg02814054 increases the risk of obesity by lowering the expression of <i>MAST3</i>, whereas lower methylation at cg06028605 contributes to obesity by decreasing the expression of <i>SLC5A11</i>. Finally, we noted that rare variants within 2p23.3 impact obesity by making the cg01884057 site more susceptible to methylation, which consequently lowers the expression of <i>POMC</i>, <i>ADCY3</i> and <i>DNAJC27</i>. In this study, we identify methylation sites associated with the risk of obesity and reveal the mechanism whereby a number of these sites exert their effects. This study provides a framework to perform an omics-wide association study for a phenotype and to understand the mechanism whereby a rare variant causes a disease.",2021,10.3390/nu13061984,34207686,europepmc_qtl_anchored_broad_mendelian_randomization; europepmc_qtl_anchored_language,candidate_boundary_or_unclear,seek_full_text,,causal_evidence,4,,,,,,,,,,
europepmc:PPR:PPR1029498,A network medicine framework for multi-modal data integration in therapeutic target discovery,"The high cost and attrition rate of drug development underscore the need for more effective strategies for therapeutic target discovery. Here, we present a network medicine-based machine learning framework that integrates single-cell transcriptomics, bulk multi-omic profiles, genome-wide CRISPR perturbation screens, and protein-protein interaction networks to systematically prioritise disease-specific targets. Applied to clear cell renal cell carcinoma, the framework successfully recovered established targets and predicted five therapeutic candidates, with subsequent in vitro validation demonstrating that among these, ENO2 inhibition had the strongest anti-tumour effect, followed by LRRK2, a repurposing candidate with phase III Parkinson’s disease inhibitors. The proposed approach advances target discovery by moving beyond single-feature, single-modality heuristics to a scalable, machine learning-driven strategy that is generalisable across diseases.",2025,10.1101/2025.05.29.656813,,europepmc_preprint_perturbation,candidate_boundary_or_unclear,pending,,pending,pending,,,,,,,,,,
europepmc:PPR:PPR1100785,Multi-omics Integration of Microbiota Transplant Therapy in Children with Autism Spectrum Disorders,"<h4>Background</h4> Microbiota transplant therapy (MTT) is a promising avenue for the substantial improvement of gastrointestinal and behavioral symptoms in children with autism spectrum disorder (ASD). Previous work has demonstrated that microbiome and metabolite profiles of children with ASD become more similar to those of their typically developing (TD) peers following MTT. <h4>Methods</h4> To enhance a systems-level understanding of MTT in ASD children that extends beyond previously reported findings, we present a multi-omics analysis of an ASD cohort spanning 10 weeks and 2 years of follow-up after completion of MTT. We applied cutting-edge multi-omics approaches, including metagenomics, fecal and plasma metabolomics, and advanced statistical methods, including multimodal machine learning, differential network analysis, and causal mediation analysis, to extensively characterize molecular and biochemical responses before and after MTT, to identify key taxonomic, functional, and metabolite signatures associated with MTT treatment and ASD symptoms. <h4>Results</h4> Using a combination of cross-sectional and longitudinal statistical analyses and integrative machine learning techniques, we identified key meta-omic features associated with MTT. Integrated multi-omics analysis revealed that children with ASD transition to distinct biological states following MTT, clearly separated from their pre-treatment states and from TD children, as demonstrated by robust group separation and strong classification performance. Several biological signals associated with the modulation of the gut microbiome after MTT were identified, including an increase of butyrate producers such as Faecalibacterium prausnitzii and Butyricimonas faecalis ; decreased fecal sulfated primary bile acid, chenodeoxycholic acid sulfate; decreased secondary bile acid, glycolithocholate sulfate; and increased sarcosine and iminodiacetate in plasma after 10 weeks of MTT compared to baseline. Differential network analysis revealed hub species, including Prevotella copri , Ruminococcus callidus , and GGB9633 SGB15091 , as differentially connected 2 years after completion of MTT compared to baseline. Mediation analysis uncovered several key players as mediators of symptoms, including Alistipes ihumii , Ruminococceae , amino acid biosynthesis, bile acids, long-chain fatty acids, and cysteine-glutathione disulfide, among others. <h4>Conclusions</h4> This study provides one of the first comprehensive analyses of multi-omic features underlying host–microbiome interactions associated with MTT in children with ASD. It offers further evidence that fusing data across diverse molecular modalities at pre- and post- treatment time points can illuminate the potential of MTT in neurodevelopmental disorders. These findings could advance microbiome-based immunomodulatory therapies and multi-omics strategies to restore gut microbiota in children with ASD, while aiding in the discovery of novel biomarkers predictive of treatment response.",2025,10.1101/2025.10.10.681677,,europepmc_direct_formal_mediation; europepmc_direct_design,candidate_boundary_or_unclear,seek_full_text,,causal_hypothesis,2,,,,,,,,,,
europepmc:MED:40694910,Plastic additive bisphenol S induces depression by promoting AZU1/CTSD proteins to mediate plasma-related proteins and metabolites: A comprehensive multi-omics analysis.,"<h4>Background</h4>The role of bisphenol S (BPS) in the pathogenesis of depression still unclear, particularly regarding its underlying mechanisms and causality.<h4>Methods</h4>In this study, network toxicology approaches were employed to explore the mechanisms underlying BPS-induced depression, and Mendelian randomization (MR) was utilized to validate the causal relationship between BPS-targeted proteins and depression. Clinical datasets were further analyzed to corroborate the identified proteins. Molecular docking and molecular dynamics (MD) simulations were conducted to assess the binding stability between BPS and its target proteins. To investigate potential mediating pathways through which BPS-targeted proteins might contribute to depression, multi-omics data were integrated, including proteome-wide association study datasets from the FINNGEN biobank, the UK Biobank Pharma Proteomics Project, and the Icelandic deCODE consortium, as well as human plasma metabolomic datasets. This enabled a systematic exploration of the mediating roles of plasma proteins and metabolites in the association between BPS-targeted proteins and depression. Finally, protein-protein docking simulations were performed to validate interactions among key proteins. All analyses adhered to rigorous scientific standards for reproducibility and validity.<h4>Results</h4>BPS impaired the blood-brain barrier and exerted adverse effects on the brain. Network toxicology analysis revealed that BPS promotes the onset of depression by modulating pathways including neuroactive ligand-receptor interaction, calcium signaling pathway, cAMP signaling pathway, PI3K-Akt signaling pathway, and apoptosis. Using MR, molecular docking, MD simulations, and clinical data validation, we demonstrated that BPS stably binds to its target proteins, AZU1 and CTSD, and exhibits a significant causal relationship with depressive symptoms. Mediation MR analysis further revealed that AZU1 promotes depression by mediating the expression of plasma proteins CD302 and FGF19, as well as the production of the plasma metabolite phosphate to urate ratio. Similarly, CTSD mediates the depressive effects by regulating plasma metabolite levels, including cysteinylglycine disulfide, oxidized Cys-gly, X-11470, cysteinylglycine to taurine ratio, and aspartate to mannose ratio.<h4>Conclusions</h4>This study elucidates the mechanistic pathways through which the plastic additive BPS induces depression, providing critical insights into its adverse effects on the brain. These findings hold significant implications for public health safety and offer a comprehensive research framework and novel perspectives for evaluating the safety of plastic additives.",2025,10.1016/j.ecoenv.2025.118717,40694910,europepmc_molecular_gwas_mr_expansion; europepmc_molecular_gwas_twas_mr,candidate_boundary_or_unclear,seek_full_text,,pending,pending,,,,,,,,,,
pubmed:41287581,Genome-Wide Association Analysis and Multi-Omic Mendelian Randomization Insight Into the Molecular Network of Immune-Related Dysfunction in the Pathogenesis of Rheumatoid Arthritis.,"Rheumatoid arthritis (RA) is a complex autoimmune disease influenced by genetic and immune dysregulation. The causal roles of specific immune-related genes in RA pathogenesis remain incompletely understood. We conducted a large-scale genome-wide association study (GWAS) meta-analysis across three RA cohorts to identify genome-wide significant risk loci. Causal genes and proteins were prioritized by integrating these results with cis-eQTL and pQTL datasets using two-sample Mendelian randomization (MR) and summary-data-based MR (SMR). Cell-type-specific expression was assessed using single-cell RNA sequencing (scRNA-seq), and gene expression in RA synovial tissue was validated via bulk RNA-seq. We identified 29 independent RA-associated loci, including 7 novel associations. Integrated MR and SMR analyses classified ERAP2 as a high-confidence causal gene, while SWAP70 and LTBR were deemed moderate-confidence causal genes. SWAP70 showed a protective association, whereas ERAP2 and LTBR were positively associated with RA risk. Single-cell transcriptomic analysis revealed cell-type-specific enrichment, with SWAP70 prevalent in B cells and LTBR in dendritic cells. Bulk RNA-seq confirmed the upregulation of SWAP70, RASGRP1, and RHOH in RA patients. Our integrative multi-omics framework reveals immune regulatory genes with potential causal roles in RA pathogenesis, highlighting ERAP2, SWAP70, LTBR, and other candidates as promising therapeutic targets.",2025,10.1111/1756-185x.70479,41287581,pubmed_genetic_instruments; pubmed_multiomics_title_genetic_qtl_candidates; pubmed_multiomics_two_sample_or_bidirectional_mr_candidates,candidate_boundary_or_unclear,seek_full_text,,pending,pending,,,,,,,,,,
pubmed:40609866,Multiomic based Bayesian network toxicity modeling for simultaneous prediction of multiple toxicity outcomes in NSCLC.,"Radiation Pneumonitis (RP) and Radiation Esophagitis (RE) are two prominent dose limiting toxicities from NSCLC radiotherapy. This study aimed to develop a multi-objective Bayesian network (BN) model to predict multiple NSCLC outcomes simultaneously using dose-volume histograms (DVH), clinical, and multiomic features. Out of 179 NSCLC patients considered, 30.2 % patients were found to have toxicity ≥grade 2 RP and 15.08 % had ≥grade 3 RE per CTCAE v5.0. A total of 672 features were extracted. We built a parallel dimensionality reduction technique by introducing an L1-norm penalty to select the best omic features for predicting RP and RE. We then employed an additional penalized logistic regression approach for feature selection on reduced covariates. A score-based structure learning algorithm (Tabu search) was used to build a BN model for multi-outcome predictions of RP and RE. A cross-validation approach was used to help create the optimal structure with a train/test split of 70 %/30 % respectively. The model predictive performance was evaluated by area under the curve (AUC) and area under the precision-recall curve (AUPRC). Free-response area under the curve (FRAUC) was also used to evaluate joint prediction performance. The AUC and AUPRC values on the test set for RP and RE predictions were 0.86/0.76 and 0.81/0.50, respectively. The FRAUC value on the test set was 0.74. We developed a highly predictive multi-objective BN model using multiomic covariates that was capable of simultaneously predicting RP and RE, which are two of the most prominent toxicities in NSCLC radiotherapy.",2025,10.1016/j.radonc.2025.111011,40609866,pubmed_graphical_methods,candidate_boundary_or_unclear,pending,,pending,pending,,,,,,,,,,
europepmc:PPR:PPR1124539,Genetic–exposome axis orchestrates cardiac motion patterns,"Cardiac motion involves coordinated electrical, contractile, and developmen-tal processes but little is known about how genes and environment influence these patterns. Using four-dimensional models of the heart in 78,113 participants, we applied an unsupervised deep-learning framework to derive latent representations of left-ventricular motion and mapped their genetic, environmental, and clinical correlates. Genome-wide association of spatiotemporal traits identified 39 loci, the majority undetected by conventional measures. Integrative single-cell and functional enrichment analyses localised signals to active cis -regulatory elements, with latent-specific loci revealing a non-myocyte axis and transcriptional regulators of cardiac patterning. Rare cardiomyopathy-associated variants displayed spatially heteroge-neous contraction patterns, and environmental exposures, including smoking and air pollution, also shaped motion profiles. Unsupervised tree-based clustering strat-ified motion into subgroups with differential genetic burden and clinical risk. Our results advance a holistic perspective on cardiac motion revealing how a genetic-exposome axis activates functional and morphogenetic programmes in regulating heart dynamics.",2025,10.1101/2025.11.22.25340784,,europepmc_preprint_temporal,candidate_boundary_or_unclear,pending,,pending,pending,,,,,,,,,,
pubmed:31322414,Mechanistic inferences on metabolic dysfunction in posttraumatic stress disorder from an integrated model and multiomic analysis: role of glucocorticoid receptor sensitivity.,"Posttraumatic stress disorder (PTSD) is associated with neuroendocrine alterations and metabolic abnormalities; however, how metabolism is affected by neuroendocrine disturbances is unclear. The data from combat-exposed veterans with PTSD show increased glycolysis to lactate flux, reduced TCA cycle flux, impaired amino acid and lipid metabolism, insulin resistance, inflammation, and hypersensitive hypothalamic-pituitary-adrenal (HPA) axis. To analyze whether the co-occurrence of multiple metabolic abnormalities is independent or arises from an underlying regulatory defect, we employed a systems biological approach using an integrated mathematical model and multiomic analysis. The models for hepatic metabolism, HPA axis, inflammation, and regulatory signaling were integrated to perform metabolic control analysis (MCA) with respect to the observations from our clinical data. We combined the metabolomics, neuroendocrine, clinical laboratory, and cytokine data from combat-exposed veterans with and without PTSD to characterize the differences in regulatory effects. MCA revealed mechanistic association of the HPA axis and inflammation with metabolic dysfunction consistent with PTSD. This was supported by the data using correlational and causal analysis that revealed significant associations between cortisol suppression, high-sensitivity C-reactive protein, homeostatic model assessment of insulin resistance, γ-glutamyltransferase, hypoxanthine, and several metabolites. Causal mediation analysis indicates that the effects of enhanced glucocorticoid receptor sensitivity (GRS) on glycolytic pathway, gluconeogenic and branched-chain amino acids, triglycerides, and hepatic function are jointly mediated by inflammation, insulin resistance, oxidative stress, and energy deficit. Our analysis suggests that the interventions to normalize GRS and inflammation may help to manage features of metabolic dysfunction in PTSD.",2019,10.1152/ajpendo.00065.2019,31322414,pubmed_multiomics_formal_mediation_candidates; pubmed_multiomics_title_causal_mediation_candidates,candidate_boundary_or_unclear,pending,,pending,pending,,,,,,,,,,
pubmed:37095447,Genetic architecture of inter-specific and -generic grass hybrids by network analysis on multi-omics data.,"Understanding the mechanisms underlining forage production and its biomass nutritive quality at the omics level is crucial for boosting the output of high-quality dry matter per unit of land. Despite the advent of multiple omics integration for the study of biological systems in major crops, investigations on forage species are still scarce. Our results identified substantial changes in gene co-expression and metabolite-metabolite network topologies as a result of genetic perturbation by hybridizing L. perenne with another species within the genus (L. multiflorum) relative to across genera (F. pratensis). However, conserved hub genes and hub metabolomic features were detected between pedigree classes, some of which were highly heritable and displayed one or more significant edges with agronomic traits in a weighted omics-phenotype network. In spite of tagging relevant biological molecules as, for example, the light-induced rice 1 (LIR1), hub features were not necessarily better explanatory variables for omics-assisted prediction than features stochastically sampled and all available regressors. The utilization of computational techniques for the reconstruction of co-expression networks facilitates the identification of key omic features that serve as central nodes and demonstrate correlation with the manifestation of observed traits. Our results also indicate a robust association between early multi-omic traits measured in a greenhouse setting and phenotypic traits evaluated under field conditions.",2023,10.1186/s12864-023-09292-7,37095447,europepmc_preprint_perturbation; pubmed_multiomics_title_specific_perturbation_candidates,candidate_boundary_or_unclear,seek_full_text,,pending,pending,,,,,,,,,,
pubmed:41491244,"Clinical efficacy and multi-omics analysis of Si-Ni-San for depression treatment in breast cancer patients: a randomized, double-blind, placebo-controlled, crossover trial.","Breast cancer is a leading malignancy and a significant cause of mortality in women. The coexistence of depression has been associated with a more aggressive breast cancer progression. Si-Ni-San (SNS), a Traditional Chinese medicine (TCM) formula, has been traditionally used for the treatment of depression. This clinical trial aimed to evaluate the effectiveness and safety of SNS in relieving depression in breast cancer patients, and explore its molecular mechanism. A randomized, double-blind, placebo-controlled crossover trial was conducted in breast cancer patients with mild to moderate depression (MMD). Patients were asked to participate over a four-week SNS treatment and a four-week placebo intervention in randomized order, with a two-week washout period. The primary endpoint was the change of Hamilton Depression Scale-24 (HAMD-24) score. Secondary endpoints were the changes of Functional Assessment of Cancer Therapy-Breast (FACT-B) and syndrome score of Traditional Chinese medicine (TCMSS). Liver function test (LFT) and mental status examination (MSE) were conducted to ensure the safety. Gut microbiota, serum metabolomics, cytokine profiling and T lymphocyte subsets were tested to explore the molecular mechanisms. A total of 53 patients completed the trial. Compared to placebo intervention, SNS treatment significantly reduced HAMD-24 score (4.46 ± 4.403 (95% CI - 5.69, - 3.24) vs. 0.66 ± 4.463 (95% CI - 1.89, 0.57), P < 0.001), accompanied by the improved FACT-B scores (7.22 ± 13.77 (95% CI 3.66, 10.77) vs. - 0.78 ± 15.32 (95% CI - 4.74, 3.17), P = 0.09) and TCMSS scores (- 12.71 ± 12.88 (95% CI - 16.30, - 9.13) vs. - 5.60 ± 4.69 (95% CI - 9.42, - 1.79), P = 0.01). No obvious risk in LFT, MSE and fewer adverse events were observed. Exploratory multi-omics analyses revealed three key phenomenon including specific reduction in Lactobacillus abundance, decreased serum indole levels, and increased CD8 + T cell proportions, suggesting their potential involvement in breast cancer-related depression. SNS is efficacious for relieving depression in breast cancer patients with high safety, and Lactobacillus-Indole-CD8 + T signaling may be involved in its pharmacological mechanisms. Further research is required to refine study designs and substantiate the speculated mechanism. ChiCTR, ChiCTR2200065009. Registered 25 October 2022.",2026,10.1186/s13020-025-01283-y,41491244,pubmed_manual_verified_title_anchored_rct_backfill,candidate_boundary_or_unclear,seek_full_text,,pending,pending,,,,,,,,,,
pubmed:42066461,Multi-scale evidence chain: Linking environmental BPA exposure to ovarian cancer through integrated omics and experimental models.,"Ovarian cancer (OC) is a leading cause of female cancer mortality. Beyond genetic and reproductive risk factors, emerging evidence suggests bisphenol A (BPA), a widespread endocrine-disrupting chemical, may contribute to ovarian carcinogenesis, though underlying mechanisms remain unclear. We employed a multi-dimensional approach combining: (1) cross-sectional NHANES analysis (66 OC cases, 291 matched controls), (2) two-sample Mendelian randomization using GWAS data, (3) integrative bioinformatics (target prediction, nine GEO datasets, WGCNA, machine learning), (4) molecular docking/dynamics simulations, and (5) functional assays in SKOV3 cells. Urinary BPA levels were significantly elevated in OC patients (p < 0.05).Mendelian randomization suggested a positive association consistent with a potential causal effect (OR=1.25, p = 0.029). Five hub genes (LCN2, LIPA, NR3C1, NR3C2, PGR) were identified across algorithms, showing stable BPA binding in simulations. Single-cell analysis revealed enriched signatures in malignant epithelial cells (p = 0.009). Functional assays confirmed BPA promoted OC proliferation, migration, and invasion (p < 0.05). This integrated analysis provides multi-omic evidence supporting an association between BPA exposure and OC pathogenesis, with MR findings suggesting a potential causal relationship that requires independent replication, identifying five hub genes as potential biomarkers and therapeutic targets.",2026,10.1016/j.tranon.2026.102791,42066461,pubmed_multiomics_two_sample_or_bidirectional_mr_candidates,candidate_boundary_or_unclear,pending,,pending,pending,,,,,,,,,,
europepmc:MED:39721452,c-JUN interacts with HDAC1 as a potential combinatorial therapeutic target in acute myeloid leukemia.,"Acute myeloid leukemia (AML) is a biologically heterogeneous disease originating from the clonal expansion of hematopoietic stem cells (HSCs). Clonal expansion of hematopoietic stem cell progenitors (HSC-Prog), along with a block in differentiation, are hallmark features of AML. The disease is characterized by poor clinical outcomes, highlighting the urgent need for effective therapeutic strategies and suitable drug targets. We conducted multi-omics analyses, including single-cell RNA sequencing (scRNA-seq), Mendelian randomization (MR), and bulk RNA-seq, to investigate HDAC1's oncogenic role in AML. We identified specific gene signatures at the single-cell level. MR with eQTL data established causal links, and TCGA-LAML RNA-seq provided prognostic insights. Analysis of cellular communication and transcription factors revealed high c-JUN activity in HSC-Prog. We confirmed the association of c-JUN with HDAC1 through Western blotting and Co-immunoprecipitation (Co-IP). Functional validation of c-JUN in AML cells was performed via flow cytometry in vitro. The effectiveness of drugs targeting c-JUN and HDAC1 was assessed in mouse models using live imaging methods like in vivo imaging system (IVIS) and iSMAART. We identified the activity of c-JUN is specifically enhanced in HSC-Prog in AML patients. We suggest a potential regulatory relationship between c-JUN and HDAC1 in AML tumor cells. Inhibition of c-JUN can suppress cell proliferation and CD33 expression in AML, enhancing susceptibility to natural killer (NK) cell-mediated cytotoxicity. The combination of agents targeting c-JUN (Ailanthone) and HDAC1 (Panobinostat) showed robust efficacy in treating AML in xenograft mouse models, outperforming monotherapy. We also observed that the combination of Ailanthone and Panobinostat therapy displayed a safe pharmacological profile without dose-dependent toxicity, suggesting its potential as a therapeutic strategy.",2025,10.1016/j.intimp.2024.113927,39721452,europepmc_qtl_anchored_broad_mendelian_randomization; europepmc_qtl_anchored_language,candidate_boundary_or_unclear,seek_full_text,,pending,pending,,,,,,,,,,
arxiv:2607.04527v2,Causal ASCEND: Scalable Two-tier Causal Discovery on High Dimensional Multi-omics Data,"Biological systems exhibit a hierarchical structure, characterised by directed flow from upstream regulators to downstream effects. Although this ordering provides a natural scaffold for causal inference, most causal discovery and GRN methods either ignore the tiered organisation or condition on all upstream variables, which becomes infeasible for high-dimensional omics data. We present ASCEND (Ancestral Scalable Causal discovEry via iNherited Descent), a constraint-based framework that leverages known two-tiered structure to enable genome-scale causal discovery. ASCEND introduces a divide-and-conquer strategy that maintains dynamically updated ancestral conditioning sets for each downstream variable, dramatically reducing the number of conditional independence tests required, and achieves polynomial-time complexity where traditional approaches face exponential blow-up. Through extensive simulations and real biological data, we demonstrate that ASCEND accurately recovers ancestral relationships, scales properly and much faster, and outperforms existing gene regulatory network inference methods in both causal precision and computational efficiency. The algorithm's ability to resolve directionality makes it particularly suited for integrating multi-omic data where upstream regulators (e.g., SNPs, methylation sites) and downstream responses (e.g., gene expression) are measured jointly.",2026,,,arxiv_graphical_methods,candidate_boundary_or_unclear,pending,,pending,pending,,,,,,,,,,
europepmc:PPR:PPR388405,"Early immune responses have long-term associations with clinical, virologic, and immunologic outcomes in patients with COVID-19","The great majority of SARS-CoV-2 infections are mild and uncomplicated, but some individuals with initially mild COVID-19 progressively develop more severe symptoms. Furthermore, mild to moderate infections are an important contributor to ongoing transmission. There remains a critical need to identify host immune biomarkers predictive of clinical and virologic outcomes in SARS-CoV-2-infected patients. Leveraging longitudinal samples and data from a clinical trial of Peginterferon Lambda for treatment of SARS-CoV-2 infected outpatients, we used host proteomics and transcriptomics to characterize the trajectory of the immune response in COVID-19 patients within the first 2 weeks of symptom onset. We define early immune signatures, including plasma levels of RIG-I and the CCR2 ligands (MCP1, MCP2 and MCP3), associated with control of oropharyngeal viral load, the degree of symptom severity, and immune memory (including SARS-CoV-2-specific T cell responses and spike (S) protein-binding IgG levels). We found that individuals receiving BNT162b2 (Pfizer–BioNTech) vaccine had similar early immune trajectories to those observed in this natural infection cohort, including the induction of both inflammatory cytokines (e.g. MCP1) and negative immune regulators (e.g. TWEAK). Finally, we demonstrate that machine learning models using 8-10 plasma protein markers measured early within the course of infection are able to accurately predict symptom severity, T cell memory, and the antibody response post-infection.",2021,10.1101/2021.08.27.21262687,,europepmc_preprint_temporal,candidate_boundary_or_unclear,pending,,pending,pending,,,,,,,,,,
pubmed:41423778,Druggable targets and immunological mechanisms for type 1 diabetes treatment: Genetic evidence from multi-omics Mendelian randomization combined with meta-analysis.,"Type 1 diabetes mellitus (T1DM) frequently leads to severe complications, which can result in patient mortality or disability, imposing significant economic and psychological burdens on both individuals and society. In recent years, the incidence and prevalence of T1DM have been steadily increasing. However, the pathogenesis of the disease remains not fully understood; preventive measures are still lacking, and current treatments do not address the underlying causes. Mendelian randomization (MR) has recently gained widespread application in the identification of novel therapeutic targets. First, QTL from three discovery datasets, representing druggable targets, was used as instruments, and the MR was performed to test causal association with T1DM using large T1DM GWAS data. Subsequently, sensitivity analyses were conducted, including confounder exclusion, directional testing, Bayesian colocalization and Spearman correlation analysis, to ensure the robustness of the results. Additionally, we explored which among the 731 types of immune cells could potentially mediate the impact of candidate targets on T1DM and assessed potential side effects related to the candidate targets through phenome-wide association study (PheWAS). We also performed MR analysis to evaluate the impact of these targets on T1DM complications. Finally, effect estimates were integrated through meta-analysis. A total of 11 potential druggable targets for T1DM were identified. Some of which may also play a role in modulating the development of T1DM complications. Moreover, myeloid cells (CD33dim HLA-DR+ CD11b-) are likely mediators of the pathogenic effect of CTSH. Mediation analysis indicated that this cell type may potentially mediate the effect of CTSH on the pathogenesis of T1DM (OR = 1.014, 95% CI: 1.004-1.024, p = 0.008), with a mediation proportion of 8.3%. Phenome-Wide Association Studies (PheWAS) indicated that NAGA, NAAA, ITIH3 and CTSH may influence additional phenotypes. This study used a Mendelian randomization approach to provide genetic evidence, providing insights and direction for the development of preventive and therapeutic drugs for T1DM.",2025,10.1111/dme.70176,41423778,pubmed_genetic_instruments; pubmed_multiomics_formal_mediation_candidates; pubmed_multiomics_title_causal_mediation_candidates,candidate_boundary_or_unclear,seek_full_text,,pending,pending,,,,,,,,,,
pubmed:39988220,Advancing fish disease research through CRISPR-Cas genome editing: Recent developments and future perspectives.,"CRISPR-Cas genome editing technology has transformed genetic research, by enabling unprecedented precision in modifying DNA sequences across various organisms, including fish. This review explores the significant advancements and potential uses of CRISPR-Cas technology in the study and management of fish diseases, which pose serious challenges to aquaculture and wild fish populations. Fish diseases cause significant economic losses and environmental impacts, therefore effective disease control a top priority. The review highlights the pivotal role of CRISPR-Cas in identifying disease-associated genes, which is critical to comprehending the genetic causes of disease susceptibility and resistance. Some studies have reported key genetic factors that influence disease outcomes, using targeted gene knockouts and modifications to pave the way for the development of disease-resistant fish strains. The creation of such genetically engineered fish holds great promise for enhancing aquaculture sustainability by reducing the reliance on antibiotics and other conventional disease control measures. In addition, CRISPR-Cas has facilitated in-depth studies of pathogen-host interactions, offering new insights into the mechanisms by which pathogens infect and proliferate within their hosts. By manipulating both host and pathogen genes, this technology provides a powerful tool for uncovering the molecular underpinnings of these interactions, leading to the development of more effective treatment strategies. While CRISPR-Cas has shown great promise in fish research, its application remains limited to a few species, primarily model organisms and some freshwater fish. In addition, challenges such as off-target effects, ecological risks, and ethical concerns regarding the release of genetically modified organisms into the environment must be carefully addressed. This review also discusses these challenges and emphasizes the need for robust regulatory frameworks and ongoing research to mitigate risks. Looking forward, the integration of CRISPR-Cas with other emerging technologies, such as multi-omics approaches, promises to further advance our understanding and management of fish diseases. This review concludes by envisioning the future directions of CRISPR-Cas applications in fish health, underscoring its potential to its growing in the field.",2025,10.1016/j.fsi.2025.110220,39988220,pubmed_explicit_gene_manipulation,candidate_boundary_or_unclear,pending,,pending,pending,,,,,,,,,,
